Location ,Area,Room,Age,Num of Floor,Wash Room,Basment,Mount,Swimming Pool,Lawn,Kitchen,Bed_Room,Electric Connection,Gas Connection,Corner Plot,Solar System,Commercial,Business & Comminication,Price,Type
Model Town,10890,2,old,2,4,no,Yes,no,Yes,1,3,Yes,Yes,No,No,Yes,Yes,300000000,House
Model Town,5990,4,old,2,4,no,Yes,no,Yes,1,4,Yes,Yes,No,No,Yes,Yes,82500000,House
Model Town,10890,10,new,2,6,Yes,Yes,no,Yes,2,6,Yes,Yes,No,Yes,Yes,Yes,260000000,House
Model Town,5445,8,old,2,5,no,Yes,no,Yes,5,5,Yes,Yes,No,No,Yes,Yes,62000000,House
Model Town,2722,13,old,2,6,no,Yes,no,Yes,2,5,Yes,Yes,No,No,Yes,Yes,32000000,House
Model Town,2722,9,old,2,4,no,Yes,no,Yes,1,4,Yes,Yes,No,No,Yes,Yes,30000000,House
Model Town,10890,5,old,2,6,no,Yes,no,Yes,2,6,Yes,Yes,No,No,Yes,Yes,160000000,House
Model Town,10890,6,old,2,6,no,Yes,no,Yes,2,6,Yes,Yes,Yes,No,Yes,Yes,140000000,House
Model Town,2722,5,old,2,3,no,Yes,no,Yes,1,3,Yes,Yes,No,No,Yes,Yes,40000000,House
Model Town,8167,5,new,2,4,no,Yes,no,Yes,1,3,Yes,Yes,Yes,No,Yes,Yes,82500000,House
Model Town,10890,14,old,3,10,Yes,Yes,Yes,Yes,2,9,Yes,Yes,No,Yes,Yes,Yes,135000000,House
Model Town,38115,12,old,2,7,no,Yes,no,Yes,2,6,Yes,Yes,No,No,Yes,Yes,360000000,House
Model Town,10890,11,new,2,7,no,Yes,no,Yes,2,6,Yes,Yes,No,Yes,Yes,Yes,75000000,House
Model Town,8167,14,new,2,10,no,Yes,Yes,Yes,2,10,Yes,Yes,No,Yes,Yes,Yes,19500000,House
Model Town,2722,11,old,2,4,no,Yes,no,Yes,1,4,Yes,Yes,No,Yes,Yes,Yes,38500000,House
Model Town,2722,8,old,2,4,no,Yes,no,Yes,1,3,Yes,Yes,No,Yes,Yes,Yes,40000000,House
Model Town,3811,11,old,2,5,no,Yes,no,Yes,1,4,Yes,Yes,Yes,No,Yes,Yes,45000000,House
Model Town,10890,5,new,2,9,no,Yes,no,Yes,2,7,Yes,Yes,No,No,Yes,Yes,165000000,House
Model Town,5445,8,old,1,3,no,No,no,Yes,1,1,Yes,No,No,Yes,Yes,Yes,80000000,House
Model Town,21780,10,old,2,5,no,Yes,no,Yes,2,4,Yes,No,No,Yes,Yes,Yes,230000000,House
Model Town,5445,8,old,2,4,no,No,no,Yes,1,4,Yes,No,No,No,Yes,Yes,65000000,House
Model Town,5445,5,old,2,6,no,Yes,no,Yes,1,6,Yes,No,No,No,Yes,Yes,80000000,House
Model Town,5445,5,old,2,6,no,Yes,no,Yes,0,6,Yes,No,No,No,Yes,Yes,82000000,House
Model Town,5445,5,old,2,6,no,Yes,no,Yes,2,5,Yes,Yes,No,No,Yes,Yes,80000000,House
Model Town,16335,7,old,2,1,no,No,no,Yes,4,10,Yes,Yes,No,No,No,Yes,300000000,House
Model Town,7078,5,new,2,6,no,Yes,no,Yes,2,5,Yes,Yes,No,Yes,Yes,Yes,140000000,House
Model Town,16335,14,old,1,6,no,No,no,Yes,1,5,Yes,Yes,Yes,Yes,Yes,Yes,210000000,House
Model Town,16335,12,old,2,8,no,Yes,no,Yes,2,7,Yes,Yes,No,Yes,No,Yes,230000000,House
Model Town,10890,8,new,2,7,Yes,Yes,no,Yes,1,7,Yes,Yes,No,No,Yes,Yes,160000000,House
Model Town,10890,10,old,2,5,no,Yes,no,Yes,1,5,Yes,Yes,No,No,No,Yes,155000000,House
Model Town,8712,5,new,2,8,no,No,no,Yes,2,6,Yes,Yes,Yes,Yes,Yes,Yes,160000000,House
Model Town,16335,5,old,1,5,no,No,no,Yes,1,4,Yes,Yes,Yes,Yes,Yes,Yes,230000000,House
Model Town,545,2,new,1,1,Yes,Yes,no,No,1,2,Yes,No,No,No,No,Yes,5000000,Flat
Model Town,16335,9,new,2,8,no,No,no,Yes,2,6,Yes,Yes,No,Yes,Yes,Yes,230000000,House
Model Town,8167,4,old,2,5,no,No,no,Yes,1,5,Yes,Yes,No,Yes,No,Yes,80000000,House
Model Town,2722,1,old,4,2,no,No,no,Yes,1,0,Yes,Yes,No,No,No,Yes,22200000,Hall
Model Town,8712,20,old,1,8,no,Yes,no,Yes,2,6,Yes,Yes,No,Yes,Yes,Yes,160000000,House
Model Town,70785,26,old,2,8,no,Yes,no,Yes,2,6,Yes,Yes,No,Yes,Yes,Yes,230000000,House
Model Town,10890,20,new,2,8,no,Yes,no,Yes,2,6,Yes,Yes,No,Yes,Yes,Yes,160000000,House
Model Town,8712,21,new,2,9,no,Yes,no,Yes,2,6,Yes,Yes,No,Yes,Yes,Yes,170000000,House
Model Town,16335,28,old,2,7,no,Yes,no,Yes,2,6,Yes,Yes,No,No,Yes,Yes,240000000,House
Model Town,11434,30,new,2,8,no,Yes,no,Yes,2,7,Yes,Yes,No,Yes,Yes,Yes,165000000,House
Model Town,7078,15,new,1,6,no,Yes,no,Yes,1,5,Yes,Yes,No,Yes,Yes,Yes,100000000,House
Model Town,16335,10,old,2,5,no,Yes,no,Yes,1,5,Yes,Yes,Yes,No,No,Yes,240000000,House
Model Town,10890,33,old,3,10,no,Yes,no,Yes,2,9,Yes,Yes,No,Yes,Yes,Yes,135000000,House
Model Town,10890,18,old,1,6,no,Yes,no,Yes,2,6,Yes,Yes,No,Yes,No,Yes,170000000,House
Model Town,5445,17,old,2,6,no,Yes,no,Yes,2,5,Yes,Yes,No,Yes,No,Yes,80000000,House
Model Town,5445,19,new,2,7,no,Yes,no,Yes,2,7,Yes,Yes,No,Yes,No,Yes,55000000,House
Model Town,2722,10,old,1,4,no,Yes,no,No,2,4,Yes,Yes,No,Yes,No,Yes,33000000,House
Gardan Town,545,4,old,0,1,no,No,no,No,1,2,Yes,No,No,No,No,Yes,700000,Flat
Gardan Town,817,4,old,0,1,no,No,no,No,1,2,Yes,No,No,No,No,Yes,650000,Flat
Gardan Town,8167,20,new,2,6,no,Yes,no,Yes,2,8,Yes,Yes,No,Yes,No,Yes,80000000,House
Gardan Town,9801,25,old,2,10,no,Yes,no,Yes,2,12,Yes,Yes,No,Yes,No,Yes,200000000,House
Gardan Town,5445,15,old,2,8,no,Yes,no,Yes,1,9,Yes,Yes,No,Yes,No,Yes,210000000,House
Gardan Town,2722,18,old,2,9,no,Yes,no,Yes,2,8,Yes,Yes,No,No,No,Yes,150000000,House
Gardan Town,1633,8,old,0,2,no,No,no,No,1,4,Yes,Yes,No,Yes,Yes,Yes,25000000,Flat
Gardan Town,1089,5,old,0,1,no,No,no,No,1,2,Yes,Yes,No,No,Yes,Yes,20000000,Flat
Gardan Town,817,4,old,0,1,no,No,no,No,1,1,Yes,Yes,No,No,Yes,Yes,18000000,Flat
Gardan Town,327,2,old,0,1,no,No,no,No,0,1,Yes,No,No,No,No,Yes,800000,Flat
Gardan Town,10890,30,old,3,14,Yes,Yes,no,Yes,2,13,Yes,Yes,No,Yes,No,Yes,320000000,House
Gardan Town,2178,25,old,2,12,no,Yes,no,Yes,2,11,Yes,Yes,No,Yes,No,Yes,150000000,House
Gardan Town,2722,23,old,2,9,no,Yes,no,Yes,1,12,Yes,Yes,Yes,Yes,No,Yes,280000000,House
Gardan Town,10890,18,old,2,10,Yes,Yes,no,Yes,2,12,Yes,Yes,No,Yes,No,Yes,230000000,House
Gardan Town,5445,15,old,2,8,no,Yes,no,Yes,1,8,Yes,Yes,No,Yes,No,Yes,120000000,House
Gardan Town,3267,14,old,2,6,Yes,Yes,no,Yes,1,8,Yes,Yes,No,Yes,No,Yes,140000000,House
Gardan Town,2994,18,old,2,9,no,Yes,no,Yes,1,12,Yes,Yes,Yes,Yes,No,Yes,160000000,House
Gardan Town,2450,10,old,1,4,no,Yes,no,No,2,4,Yes,Yes,No,Yes,No,Yes,30000000,House
Gardan Town,5445,13,old,2,6,no,Yes,no,Yes,2,7,Yes,Yes,No,Yes,Yes,Yes,85000000,House
Gardan Town,3538,13,old,2,5,no,Yes,no,Yes,1,4,Yes,Yes,No,Yes,No,Yes,60000000,House
Gardan Town,5989,16,old,2,5,no,Yes,no,Yes,1,5,Yes,Yes,No,Yes,Yes,Yes,82000000,House
Gardan Town,5445,20,old,2,7,no,Yes,no,Yes,1,6,Yes,Yes,No,Yes,Yes,Yes,80000000,House
Gardan Town,5445,18,old,2,5,no,Yes,no,Yes,1,5,Yes,Yes,No,Yes,No,Yes,80000000,House
Gardan Town,5445,17,old,2,5,no,Yes,no,Yes,1,5,Yes,Yes,No,Yes,Yes,Yes,75000000,House
Gardan Town,5445,17,old,2,5,no,Yes,no,Yes,1,5,Yes,Yes,Yes,Yes,Yes,Yes,80000000,House
Gardan Town,5445,11,old,2,5,no,Yes,no,No,1,5,Yes,Yes,No,Yes,Yes,Yes,60000000,House
Gardan Town,21780,12,new,1,7,no,Yes,no,No,1,7,Yes,Yes,Yes,No,Yes,Yes,320000000,House
Gardan Town,10890,25,new,2,10,no,Yes,no,Yes,2,10,Yes,Yes,Yes,Yes,Yes,Yes,350000000,House
Gardan Town,8167,28,new,2,8,no,Yes,no,Yes,2,8,Yes,Yes,No,Yes,No,Yes,190000000,House
Gardan Town,16335,24,old,2,10,no,Yes,no,Yes,1,11,Yes,Yes,No,Yes,Yes,Yes,220000000,House
Gardan Town,6534,17,old,2,6,no,Yes,no,Yes,1,6,Yes,Yes,No,Yes,Yes,Yes,95000000,House
Muslim Town,9801,19,old,0,1,no,No,no,No,1,6,Yes,Yes,No,No,Yes,Yes,80000000,House
Muslim Town,21780,18,old,2,6,no,Yes,no,Yes,1,6,Yes,Yes,No,Yes,No,Yes,350000000,House
Muslim Town,22869,34,old,2,16,no,Yes,no,Yes,2,15,Yes,Yes,No,Yes,No,Yes,400000000,House
Muslim Town,21780,20,old,2,7,no,Yes,no,Yes,2,7,Yes,Yes,No,Yes,No,Yes,350000000,House
Muslim Town,8167,22,old,2,7,no,Yes,no,Yes,1,7,Yes,Yes,No,No,No,Yes,240000000,House
Muslim Town,5445,18,old,2,6,no,Yes,no,Yes,1,6,Yes,Yes,No,Yes,No,Yes,45000000,House
Muslim Town,1633,10,old,2,4,no,Yes,no,Yes,1,4,Yes,Yes,No,Yes,No,Yes,19000000,House
Muslim Town,8167,18,old,2,6,no,Yes,no,Yes,2,6,Yes,Yes,No,Yes,No,Yes,85000000,House
Muslim Town,1769,14,old,2,5,no,Yes,no,Yes,1,5,Yes,Yes,No,Yes,No,Yes,28000000,House
Muslim Town,24502,24,old,2,7,no,Yes,no,Yes,2,8,Yes,Yes,No,Yes,No,Yes,420000000,House
Muslim Town,5445,16,old,2,6,no,Yes,no,Yes,1,6,Yes,Yes,No,Yes,No,Yes,45000000,House
Muslim Town,10890,22,old,2,6,no,Yes,no,Yes,1,8,Yes,Yes,No,Yes,No,Yes,120000000,House
Muslim Town,10890,23,old,2,6,no,Yes,no,Yes,1,5,Yes,Yes,No,Yes,No,Yes,90000000,House
Muslim Town,12523,20,old,2,7,no,Yes,no,Yes,1,7,Yes,Yes,No,Yes,No,Yes,100000000,House
Muslim Town,2722,12,old,2,4,no,Yes,no,Yes,1,4,Yes,Yes,No,Yes,No,Yes,100000000,House
Muslim Town,545,11,old,2,7,no,Yes,no,Yes,1,6,Yes,Yes,No,Yes,No,No,20000000,House
Muslim Town,6534,18,old,2,7,no,Yes,no,Yes,1,6,Yes,Yes,No,Yes,No,No,70000000,House
Muslim Town,13612,24,old,2,7,no,Yes,no,Yes,1,9,Yes,Yes,No,Yes,No,Yes,250000000,House
Muslim Town,21780,28,old,2,7,no,Yes,no,Yes,2,7,Yes,Yes,No,Yes,No,Yes,350000000,House
Muslim Town,16335,22,new,2,6,no,Yes,no,Yes,2,5,Yes,Yes,No,No,No,Yes,180000000,House
Muslim Town,2722,12,old,2,5,no,Yes,no,Yes,1,4,Yes,Yes,No,No,No,Yes,35000000,House
Muslim Town,6534,18,old,2,4,no,Yes,no,Yes,2,4,Yes,Yes,No,No,No,Yes,53000000,House
Muslim Town,10890,28,old,2,7,no,Yes,no,Yes,2,7,Yes,Yes,Yes,Yes,Yes,Yes,139000000,House
Muslim Town,2994,15,old,2,5,no,Yes,no,Yes,1,5,Yes,Yes,No,No,Yes,Yes,35000000,House
Muslim Town,16335,25,old,2,7,no,Yes,no,Yes,2,6,Yes,Yes,No,No,No,Yes,200000000,House
Muslim Town,13068,18,old,2,5,no,Yes,no,Yes,2,5,Yes,Yes,No,No,No,Yes,95000000,House
Muslim Town,2722,15,old,2,5,no,Yes,no,Yes,1,5,Yes,Yes,No,Yes,Yes,Yes,35000000,House
Muslim Town,5445,18,old,2,6,no,Yes,no,Yes,2,6,Yes,Yes,No,Yes,No,Yes,52000000,House
Muslim Town,9801,24,old,2,9,no,Yes,no,Yes,2,8,Yes,Yes,No,No,No,Yes,65000000,House
Muslim Town,2722,14,new,2,6,no,Yes,no,Yes,1,4,Yes,Yes,Yes,No,No,Yes,35000000,House
Muslim Town,5172,16,new,2,6,no,Yes,no,Yes,1,6,Yes,Yes,No,No,No,Yes,65000000,House
Muslim Town,11434,18,old,2,4,no,Yes,no,Yes,1,5,Yes,Yes,No,Yes,No,Yes,90000000,House
Muslim Town,3811,18,old,2,10,no,Yes,no,Yes,1,11,Yes,Yes,No,Yes,Yes,Yes,55000000,House
Muslim Town,2178,15,old,2,6,no,Yes,no,Yes,1,6,Yes,Yes,No,Yes,Yes,Yes,25000000,House
Muslim Town,10890,24,old,2,4,no,Yes,no,Yes,1,4,Yes,Yes,No,Yes,Yes,Yes,80000000,House
Muslim Town,21780,28,old,2,5,no,Yes,no,Yes,2,5,Yes,Yes,No,Yes,No,Yes,160000000,House
Muslim Town,10890,26,old,2,7,no,Yes,no,Yes,1,6,Yes,Yes,No,No,No,Yes,100000000,House
Muslim Town,21780,35,old,3,11,no,Yes,no,Yes,2,10,Yes,Yes,No,No,No,Yes,280000000,House
Muslim Town,13612,28,old,2,10,no,Yes,no,Yes,2,10,Yes,Yes,No,Yes,No,Yes,100000000,House
Park View City,1361,14,new,2,4,no,Yes,no,Yes,1,4,Yes,Yes,No,No,Yes,Yes,15000000,House
Park View City,1361,12,new,2,4,no,Yes,no,No,2,4,Yes,Yes,No,No,Yes,Yes,18000000,House
Park View City,1361,14,new,2,5,no,Yes,no,Yes,1,5,Yes,Yes,No,Yes,Yes,Yes,160000000,House
Park View City,1361,12,new,2,4,no,Yes,no,Yes,1,5,Yes,Yes,No,No,Yes,Yes,19000000,House
Park View City,1361,13,new,2,4,no,Yes,no,Yes,1,5,Yes,Yes,No,No,Yes,Yes,20000000,House
Park View City,1089,15,new,2,4,no,Yes,no,Yes,2,4,Yes,Yes,No,No,Yes,Yes,18000000,House
Park View City,1361,14,new,2,4,no,Yes,no,Yes,2,5,Yes,Yes,No,No,Yes,Yes,17000000,House
Park View City,1361,13,new,2,4,no,Yes,no,Yes,2,5,Yes,Yes,Yes,No,Yes,Yes,20000000,House
Park View City,1361,14,new,2,4,no,Yes,no,Yes,2,5,Yes,Yes,No,No,Yes,Yes,19000000,House
Park View City,1361,14,new,2,4,no,Yes,no,No,1,5,Yes,Yes,Yes,No,Yes,Yes,18000000,House
Paragon City,1361,11,old,2,3,no,Yes,no,No,1,4,Yes,Yes,No,Yes,Yes,Yes,21000000,House
Paragon City,4900,15,old,2,5,no,Yes,no,Yes,2,4,Yes,Yes,No,No,Yes,Yes,54000000,House
Paragon City,1361,10,new,2,4,no,Yes,no,Yes,1,3,Yes,Yes,No,Yes,Yes,Yes,22000000,House
Paragon City,5989,18,old,2,7,no,Yes,no,Yes,2,6,Yes,Yes,No,Yes,Yes,Yes,70000000,House
Paragon City,1633,10,old,2,4,no,Yes,no,Yes,1,3,Yes,Yes,No,Yes,Yes,Yes,18000000,House
Paragon City,2722,13,old,2,5,no,Yes,no,Yes,2,5,Yes,Yes,No,Yes,Yes,Yes,34000000,House
Paragon City,1361,10,old,2,4,no,Yes,no,Yes,1,3,Yes,Yes,Yes,No,Yes,Yes,22000000,House
Paragon City,2722,19,old,2,6,Yes,Yes,Yes,Yes,2,5,Yes,Yes,No,No,Yes,Yes,40000000,House
Paragon City,1089,10,old,2,3,Yes,Yes,no,Yes,1,3,Yes,No,No,Yes,Yes,Yes,12000000,House
Paragon City,2722,13,new,2,5,Yes,Yes,no,Yes,2,5,Yes,No,No,Yes,Yes,Yes,45000000,House
Paragon City,2722,17,new,2,5,Yes,Yes,no,Yes,1,5,Yes,No,No,No,Yes,Yes,35000000,House
Paragon City,3267,18,old,2,5,no,Yes,no,Yes,2,4,Yes,No,No,No,Yes,Yes,46000000,House
Paragon City,5445,23,old,2,6,no,Yes,no,Yes,2,6,Yes,No,No,No,Yes,Yes,63000000,House
Paragon City,1633,12,old,2,3,no,Yes,no,Yes,1,3,Yes,Yes,No,No,Yes,Yes,20000000,House
Paragon City,5445,8,old,2,5,no,Yes,no,Yes,5,5,Yes,Yes,No,No,Yes,Yes,62000000,House
Thokar,5445,8,old,1,3,no,Yes,no,Yes,1,1,Yes,Yes,No,No,No,Yes,80000000,House
Thokar,21780,10,old,2,5,no,Yes,no,Yes,2,4,Yes,Yes,Yes,Yes,Yes,Yes,230000000,House
Thokar,5445,8,old,2,4,no,Yes,no,Yes,1,4,Yes,Yes,Yes,Yes,Yes,Yes,65000000,House
Thokar,5445,5,old,2,6,no,No,no,No,1,6,Yes,No,No,No,No,Yes,80000000,House
Thokar,5445,5,old,2,6,no,No,no,No,0,6,Yes,Yes,No,Yes,Yes,Yes,82000000,House
Thokar,5445,5,old,2,6,no,Yes,no,Yes,2,5,Yes,Yes,No,Yes,No,Yes,8000000,House
Thokar,16335,7,old,2,1,no,Yes,no,Yes,4,10,Yes,Yes,No,No,No,Yes,300000000,House
Thokar,7078,5,new,2,6,no,Yes,no,Yes,2,5,Yes,Yes,No,Yes,Yes,Yes,140000000,House
Thokar,15335,14,old,1,6,no,Yes,no,Yes,1,5,Yes,Yes,No,Yes,Yes,Yes,210000000,House
Thokar,16335,12,old,2,8,no,No,no,No,2,7,Yes,Yes,No,Yes,Yes,Yes,230000000,House
Thokar,10890,8,new,2,7,no,No,no,No,1,7,Yes,Yes,No,Yes,Yes,Yes,160000000,House
Thokar,10890,10,old,2,5,no,No,no,No,1,5,Yes,Yes,No,No,Yes,Yes,1550000000,House
Thokar,8712,5,new,2,8,no,No,no,No,2,6,Yes,Yes,No,Yes,Yes,Yes,160000000,House
Thokar,16335,5,old,1,5,Yes,Yes,no,Yes,1,4,Yes,Yes,No,Yes,Yes,Yes,230000000,House
Thokar,545,2,new,1,1,no,Yes,no,Yes,1,2,Yes,Yes,Yes,No,No,Yes,5000000,House
Thokar,16335,9,new,2,8,no,Yes,no,Yes,2,6,Yes,Yes,No,Yes,Yes,Yes,230000000,House
Thokar,8167,4,old,2,5,Yes,Yes,no,Yes,1,5,Yes,Yes,No,Yes,No,Yes,80000000,House
Thokar,2722,1,old,4,2,no,Yes,no,Yes,1,0,Yes,Yes,No,Yes,No,Yes,22200000,House
Thokar,8712,20,old,1,8,Yes,Yes,no,Yes,2,6,Yes,Yes,No,Yes,No,Yes,160000000,House
Thokar,16335,26,old,2,8,no,Yes,no,Yes,2,6,Yes,Yes,No,Yes,No,Yes,230000000,House
Thokar,10890,20,new,2,8,no,Yes,no,No,2,6,Yes,Yes,No,Yes,Yes,Yes,160000000,House
Thokar,8712,21,new,2,9,no,Yes,no,Yes,2,6,Yes,Yes,No,Yes,No,Yes,170000000,House
Thokar,16335,28,old,2,7,no,Yes,no,Yes,2,6,Yes,Yes,No,Yes,Yes,Yes,240000000,House
Thokar,11434,30,new,2,8,no,Yes,no,Yes,2,7,Yes,Yes,No,Yes,Yes,Yes,165000000,House
Thokar,7078,15,new,1,6,no,Yes,no,Yes,1,5,Yes,Yes,No,Yes,No,Yes,100000000,House
Thokar,16335,10,old,2,5,no,Yes,no,Yes,1,5,Yes,Yes,No,Yes,Yes,Yes,240000000,House
Thokar,10890,33,old,3,10,no,Yes,no,Yes,2,9,Yes,Yes,Yes,Yes,Yes,Yes,135000000,House
Thokar,10890,18,old,1,6,no,Yes,no,Yes,2,6,Yes,Yes,No,Yes,Yes,Yes,170000000,House
Thokar,5445,17,old,2,6,no,Yes,no,No,2,5,Yes,Yes,Yes,No,Yes,Yes,80000000,House
Thokar,4554,19,new,2,7,no,Yes,no,No,2,7,Yes,Yes,Yes,Yes,Yes,Yes,55000000,House
Thokar,2722,10,old,1,4,no,Yes,no,Yes,2,4,Yes,Yes,Yes,Yes,Yes,Yes,33000000,House
Azmir Town,10890,31,old,2,8,no,Yes,no,Yes,3,7,Yes,Yes,No,Yes,Yes,Yes,200000000,House
Azmir Town,16335,20,old,2,6,no,Yes,no,Yes,2,6,Yes,Yes,No,Yes,Yes,Yes,330000000,House
Azmir Town,10890,18,old,2,6,no,Yes,no,Yes,2,8,Yes,Yes,No,Yes,Yes,Yes,110000000,House
Azmir Town,5445,19,old,2,5,no,Yes,no,Yes,1,6,Yes,Yes,No,Yes,Yes,Yes,85000000,House
Azmir Town,13612,20,old,2,5,no,Yes,no,Yes,2,5,Yes,Yes,No,No,No,Yes,300000000,House
Azmir Town,6534,20,old,2,6,no,Yes,no,Yes,2,5,Yes,Yes,No,Yes,Yes,Yes,165000000,House
Azmir Town,2450,18,old,2,5,no,Yes,no,Yes,1,4,Yes,Yes,No,Yes,Yes,Yes,31000000,House
Azmir Town,10890,16,old,2,6,no,Yes,no,Yes,2,5,Yes,Yes,No,Yes,Yes,Yes,570000000,House
Azmir Town,5445,22,old,1,5,no,Yes,no,Yes,1,5,Yes,Yes,No,No,Yes,Yes,75000000,House
Azmir Town,3267,16,old,2,4,no,Yes,no,Yes,1,3,Yes,Yes,No,Yes,Yes,Yes,55000000,House
Azmir Town,2722,20,old,2,7,no,Yes,no,Yes,1,4,Yes,No,No,No,Yes,Yes,45000000,House
Azmir Town,545,4,old,0,1,no,No,no,No,1,2,Yes,No,No,No,No,Yes,7000000,Flat
Azmir Town,817,4,old,0,1,no,No,no,No,1,2,Yes,No,No,No,No,Yes,6500000,Flat
Azmir Town,8167,20,new,2,6,no,Yes,no,Yes,2,8,Yes,Yes,No,Yes,No,Yes,80000000,House
Azmir Town,9801,25,old,2,10,no,Yes,no,Yes,2,12,Yes,Yes,No,Yes,No,Yes,200000000,House
Azmir Town,5445,15,old,2,8,no,Yes,no,Yes,1,9,Yes,Yes,No,Yes,No,Yes,210000000,House
Azmir Town,2722,18,old,2,9,no,Yes,no,Yes,2,8,Yes,Yes,No,No,No,Yes,150000000,House
Azmir Town,1633,8,old,0,2,no,No,no,No,1,4,Yes,Yes,No,Yes,Yes,Yes,25000000,Flat
Azmir Town,1089,5,old,0,1,no,No,no,No,1,2,Yes,Yes,No,No,Yes,Yes,20000000,Flat
Azmir Town,817,4,old,0,1,no,No,no,No,1,1,Yes,Yes,No,No,Yes,Yes,18000000,Flat
Azmir Town,6534,2,old,0,1,no,No,no,No,0,1,Yes,No,No,No,No,Yes,8000000,Flat
Azmir Town,10890,30,old,3,14,Yes,Yes,no,Yes,2,13,Yes,Yes,No,Yes,No,Yes,320000000,House
Jubali Town,6534,20,old,2,6,no,Yes,no,Yes,2,5,Yes,Yes,No,Yes,Yes,Yes,165000000,House
Jubali Town,2450,18,old,2,5,no,Yes,no,Yes,1,4,Yes,Yes,No,Yes,Yes,Yes,31000000,House
Jubali Town,10890,16,old,2,6,no,Yes,no,Yes,2,5,Yes,Yes,No,Yes,Yes,Yes,570000000,House
Jubali Town,5445,22,old,1,5,no,Yes,no,Yes,1,5,Yes,Yes,No,No,Yes,Yes,75000000,House
Jubali Town,3267,16,old,2,4,no,Yes,no,Yes,1,3,Yes,Yes,No,Yes,Yes,Yes,55000000,House
Jubali Town,2722,20,old,2,7,no,Yes,no,Yes,1,4,Yes,No,No,No,Yes,Yes,45000000,House
Jubali Town,545,4,old,0,1,no,No,no,No,1,2,Yes,No,No,No,No,Yes,7000000,Flat
Jubali Town,817,4,old,0,1,no,No,no,No,1,2,Yes,No,No,No,No,Yes,6500000,Flat
Jubali Town,8167,20,new,2,6,no,Yes,no,Yes,2,8,Yes,Yes,No,Yes,No,Yes,80000000,House
Jubali Town,9801,25,old,2,10,no,Yes,no,Yes,2,12,Yes,Yes,No,Yes,No,Yes,200000000,House
Jubali Town,5445,15,old,2,8,no,Yes,no,Yes,1,9,Yes,Yes,No,Yes,No,Yes,210000000,House
Jubali Town,2722,18,old,2,9,no,Yes,no,Yes,2,8,Yes,Yes,No,No,No,Yes,150000000,House
Jubali Town,1633,8,old,0,2,no,No,no,No,1,4,Yes,Yes,No,Yes,Yes,Yes,25000000,Flat
Jubali Town,1089,5,old,0,1,no,No,no,No,1,2,Yes,Yes,No,No,Yes,Yes,20000000,Flat
Jubali Town,817,4,old,0,1,no,No,no,No,1,1,Yes,Yes,No,No,Yes,Yes,18000000,Flat
Jubali Town,327,2,old,0,1,no,No,no,No,0,1,Yes,No,No,No,No,Yes,8000000,Flat
Jubali Town,10890,30,old,3,14,Yes,Yes,no,Yes,2,13,Yes,Yes,No,Yes,No,Yes,320000000,House
Jubali Town,2178,25,old,2,12,no,Yes,no,Yes,2,11,Yes,Yes,No,Yes,No,Yes,150000000,House
Jubali Town,2722,23,old,2,9,no,Yes,no,Yes,1,12,Yes,Yes,Yes,Yes,No,Yes,280000000,House
Jubali Town,10890,18,old,2,10,Yes,Yes,no,Yes,2,12,Yes,Yes,No,Yes,No,Yes,230000000,House
Jubali Town,5445,15,old,2,8,no,Yes,no,Yes,1,8,Yes,Yes,No,Yes,No,Yes,120000000,House
Jubali Town,3267,14,old,2,6,Yes,Yes,no,Yes,1,8,Yes,Yes,No,Yes,No,Yes,140000000,House
Apara Society,5445,18,old,2,6,no,Yes,no,Yes,2,6,Yes,Yes,No,Yes,No,Yes,52000000,House
Apara Society,9801,24,old,2,9,no,Yes,no,Yes,2,8,Yes,Yes,No,No,No,Yes,65000000,House
Apara Society,2722,14,new,2,6,no,Yes,no,Yes,1,4,Yes,Yes,Yes,No,No,Yes,35000000,House
Apara Society,4900,16,new,2,6,no,Yes,no,Yes,1,6,Yes,Yes,No,No,No,Yes,65000000,House
Apara Society,11434,18,old,2,4,no,Yes,no,Yes,1,5,Yes,Yes,No,Yes,No,Yes,90000000,House
Apara Society,3811,18,old,2,10,no,Yes,no,Yes,1,11,Yes,Yes,No,Yes,Yes,Yes,55000000,House
Apara Society,2178,15,old,2,6,no,Yes,no,Yes,1,6,Yes,Yes,No,Yes,Yes,Yes,25000000,House
Apara Society,10890,24,old,2,4,no,Yes,no,Yes,1,4,Yes,Yes,No,Yes,Yes,Yes,80000000,House
Apara Society,21780,28,old,2,5,no,Yes,no,Yes,2,5,Yes,Yes,No,Yes,No,Yes,160000000,House
Apara Society,10890,26,old,2,7,no,Yes,no,Yes,1,6,Yes,Yes,No,No,No,Yes,100000000,House
Apara Society,21780,35,old,3,11,no,Yes,no,Yes,2,10,Yes,Yes,No,No,No,Yes,280000000,House
Apara Society,13612,28,old,2,10,no,Yes,no,Yes,2,10,Yes,Yes,No,Yes,No,Yes,100000000,House
Apara Society,1361,14,new,2,4,no,Yes,no,Yes,1,4,Yes,Yes,No,No,Yes,Yes,15000000,House
Apara Society,1361,12,new,2,4,no,Yes,no,No,2,4,Yes,Yes,No,No,Yes,Yes,18000000,House
LDA Socoety,1361,14,new,2,5,no,Yes,no,Yes,1,5,Yes,Yes,No,Yes,Yes,Yes,16000000,House
LDA Socoety,1361,12,new,2,4,no,Yes,no,Yes,1,5,Yes,Yes,No,No,Yes,Yes,19000000,House
LDA Socoety,1361,13,new,2,4,no,Yes,no,Yes,1,5,Yes,Yes,No,No,Yes,Yes,20000000,House
LDA Socoety,1089,15,new,2,4,no,Yes,no,Yes,2,4,Yes,Yes,No,No,Yes,Yes,18000000,House
LDA Socoety,1361,14,new,2,4,no,Yes,no,Yes,2,5,Yes,Yes,No,No,Yes,Yes,17000000,House
LDA Socoety,1361,13,new,2,4,no,Yes,no,Yes,2,5,Yes,Yes,Yes,No,Yes,Yes,20000000,House
LDA Socoety,1361,14,new,2,4,no,Yes,no,Yes,2,5,Yes,Yes,No,No,Yes,Yes,19000000,House
LDA Socoety,1361,14,new,2,4,no,Yes,no,No,1,5,Yes,Yes,Yes,No,Yes,Yes,18000000,House
LDA Socoety,1361,11,old,2,3,no,Yes,no,No,1,4,Yes,Yes,No,Yes,Yes,Yes,21000000,House
LDA Socoety,4900,15,old,2,5,no,Yes,no,Yes,2,4,Yes,Yes,No,No,Yes,Yes,54000000,House
LDA Socoety,1361,10,new,2,4,no,Yes,no,Yes,1,3,Yes,Yes,No,Yes,Yes,Yes,22000000,House
LDA Socoety,5989,18,old,2,7,no,Yes,no,Yes,2,6,Yes,Yes,No,Yes,Yes,Yes,70000000,House
LDA Socoety,1633,10,old,2,4,no,Yes,no,Yes,1,3,Yes,Yes,No,Yes,Yes,Yes,18000000,House
LDA Socoety,2722,13,old,2,5,no,Yes,no,Yes,2,5,Yes,Yes,No,Yes,Yes,Yes,34000000,House
LDA Socoety,1361,10,old,2,4,no,Yes,no,Yes,1,3,Yes,Yes,Yes,No,Yes,Yes,22000000,House
LDA Socoety,2722,19,old,2,6,Yes,Yes,Yes,Yes,2,5,Yes,Yes,No,No,Yes,Yes,40000000,House
LDA Socoety,1089,10,old,2,3,Yes,Yes,no,Yes,1,3,Yes,No,No,Yes,Yes,Yes,12000000,House
LDA Socoety,2722,13,new,2,5,Yes,Yes,no,Yes,2,5,Yes,No,No,Yes,Yes,Yes,45000000,House
Gulshan Ravi,2041,11,old,2,3,no,Yes,no,No,2,0,Yes,Yes,No,Yes,No,Yes,23000000,House
Gulshan Ravi,681,12,old,2,4,no,Yes,no,No,2,4,Yes,Yes,No,No,Yes,No,13000000,House
Gulshan Ravi,409,7,old,2,2,no,Yes,no,No,2,2,Yes,Yes,No,No,No,No,4800000,House
Gulshan Ravi,1361,21,old,2,5,no,Yes,no,No,2,5,Yes,Yes,No,Yes,No,No,19000000,House
Gulshan Ravi,1905,22,old,3,5,no,Yes,no,No,3,5,Yes,Yes,No,Yes,No,No,25500000,House
Gulshan Ravi,1905,21,old,2,5,no,Yes,no,No,2,5,Yes,Yes,No,No,No,No,26500000,House
Gulshan Ravi,1905,21,old,2,5,no,Yes,no,No,2,5,Yes,Yes,No,Yes,No,No,27000000,House
Gulshan Ravi,2722,17,old,2,5,no,Yes,no,No,2,5,Yes,Yes,No,Yes,No,No,32500000,House
Gulshan Ravi,1905,10,old,2,4,no,Yes,no,No,2,4,Yes,Yes,No,No,No,No,26000000,House
Gulshan Ravi,2722,12,old,2,5,no,Yes,no,No,2,5,Yes,Yes,No,No,No,No,29000000,House
Gulshan Ravi,1089,12,old,2,4,no,Yes,no,No,2,4,Yes,Yes,No,Yes,No,No,17000000,House
Gulshan Ravi,2041,12,old,2,5,no,Yes,no,No,2,5,Yes,Yes,No,No,No,No,27000000,House
Gulshan Ravi,953,11,old,2,3,no,Yes,no,No,2,3,Yes,Yes,No,Yes,No,Yes,13000000,House
Gulshan Ravi,1361,5,new,2,2,no,Yes,no,No,1,3,Yes,Yes,No,Yes,No,No,22500000,House
Gulshan Ravi,3131,24,old,3,9,no,Yes,no,No,3,8,Yes,Yes,No,Yes,No,No,39000000,House
Gulshan Ravi,2722,21,new,2,5,no,Yes,no,No,2,5,Yes,Yes,No,Yes,No,No,33000000,House
Gulshan Ravi,2722,21,old,2,5,no,Yes,no,No,2,5,Yes,Yes,No,Yes,No,No,34000000,House
Gulshan Ravi,2722,20,old,2,5,no,Yes,no,No,2,5,Yes,Yes,No,Yes,No,No,35000000,House
Gulshan Ravi,1905,21,old,2,5,no,Yes,no,No,2,5,Yes,Yes,No,Yes,No,No,25000000,House
Gulshan Ravi,817,17,new,2,3,no,Yes,no,No,2,3,Yes,Yes,No,Yes,No,No,11000000,House
Gulshan Ravi,2722,22,old,2,5,no,Yes,no,No,2,5,Yes,Yes,No,Yes,No,No,34000000,House
Gulshan Ravi,1905,21,old,2,5,no,Yes,no,No,2,5,Yes,Yes,No,Yes,No,No,24000000,House
Gulshan Ravi,1905,20,new,2,5,no,Yes,no,No,2,5,Yes,Yes,No,Yes,No,No,26000000,House
Gulshan Ravi,1361,21,new,2,5,no,Yes,no,No,2,5,Yes,Yes,No,Yes,No,No,19900000,House
Gulshan Ravi,1361,21,old,2,5,no,Yes,no,No,2,5,Yes,Yes,No,Yes,No,No,21000000,House
Gulshan Ravi,2722,21,old,2,5,no,Yes,no,No,2,5,Yes,Yes,No,Yes,No,No,31000000,House
Gulshan Ravi,2722,21,old,2,5,no,Yes,no,No,2,5,Yes,Yes,No,Yes,No,No,29900000,House
Gulshan Ravi,2722,21,old,2,5,no,Yes,no,No,2,5,Yes,Yes,No,Yes,No,No,32000000,House
Gulshan Ravi,1361,21,old,2,5,no,Yes,no,No,2,5,Yes,Yes,No,Yes,No,No,19500000,House
Gulshan Ravi,817,6,new,2,3,no,Yes,no,No,2,3,Yes,Yes,No,No,No,No,13000000,House
Gulbarg,5445,13,old,2,6,no,Yes,no,Yes,2,7,Yes,Yes,No,Yes,Yes,Yes,90000000,House
Gulbarg,3811,13,old,2,5,no,Yes,no,Yes,1,4,Yes,Yes,No,Yes,No,Yes,59000000,House
Gulbarg,5445,16,old,2,5,no,Yes,no,Yes,1,5,Yes,Yes,No,Yes,Yes,Yes,80000000,House
Gulbarg,5445,20,old,2,7,no,Yes,no,Yes,1,6,Yes,Yes,No,Yes,Yes,Yes,88000000,House
Gulbarg,5445,18,old,2,5,no,Yes,no,Yes,1,5,Yes,Yes,No,Yes,No,Yes,75000000,House
Gulbarg,5445,17,old,2,5,no,Yes,no,Yes,1,5,Yes,Yes,No,Yes,Yes,Yes,72500000,House
Gulbarg,5445,17,old,2,5,no,Yes,no,Yes,1,5,Yes,Yes,Yes,Yes,Yes,Yes,81500000,House
Gulbarg,5445,11,old,2,5,no,Yes,no,No,1,5,Yes,Yes,No,Yes,Yes,Yes,55000000,House
Gulbarg,21780,12,new,1,7,no,Yes,no,No,1,7,Yes,Yes,Yes,No,Yes,Yes,320000000,House
Gulbarg,43560,32,new,2,10,no,Yes,no,Yes,2,10,Yes,Yes,Yes,Yes,Yes,Yes,1000000000,House
Gulbarg,8167,28,new,2,8,no,Yes,no,Yes,2,8,Yes,Yes,No,Yes,No,Yes,180000000,House
Gulbarg,16335,24,old,2,10,no,Yes,no,Yes,1,11,Yes,Yes,No,Yes,Yes,Yes,230000000,House
Gulbarg,7078,17,old,2,6,no,Yes,no,Yes,1,6,Yes,Yes,No,Yes,Yes,Yes,100000000,House
Gulbarg,16335,43,old,2,16,no,Yes,no,Yes,2,16,Yes,Yes,Yes,Yes,Yes,Yes,300000000,House
Gulbarg,7623,32,old,2,10,no,Yes,no,Yes,2,10,Yes,Yes,No,Yes,No,Yes,164000000,House
Gulbarg,43560,40,old,2,10,Yes,Yes,Yes,Yes,2,12,Yes,Yes,Yes,Yes,Yes,Yes,1000000000,House
Gulbarg,21780,27,old,2,7,Yes,Yes,no,Yes,2,8,Yes,Yes,No,No,Yes,Yes,450000000,House
Gulbarg,5445,25,old,2,7,Yes,Yes,no,Yes,2,6,Yes,Yes,No,No,No,Yes,95000000,House
Gulbarg,16335,26,old,2,10,Yes,Yes,no,Yes,1,11,Yes,Yes,No,No,No,Yes,330000000,House
Gulbarg,10890,31,old,2,8,no,Yes,no,Yes,3,7,Yes,Yes,No,Yes,Yes,Yes,200000000,House
Gulbarg,16335,20,old,2,6,no,Yes,no,Yes,2,6,Yes,Yes,No,Yes,Yes,Yes,330000000,House
Gulbarg,10890,18,old,2,6,no,Yes,no,Yes,2,8,Yes,Yes,No,Yes,Yes,Yes,110000000,House
Gulbarg,10890,19,old,2,5,no,Yes,no,Yes,1,6,Yes,Yes,No,Yes,Yes,Yes,85000000,House
Gulbarg,13612,20,old,2,5,no,Yes,no,Yes,2,5,Yes,Yes,No,No,No,Yes,300000000,House
Gulbarg,6534,20,old,2,6,no,Yes,no,Yes,2,5,Yes,Yes,No,Yes,Yes,Yes,165000000,House
Gulbarg,2450,18,old,2,5,no,Yes,no,Yes,1,4,Yes,Yes,No,Yes,Yes,Yes,31000000,House
Gulbarg,10890,16,old,2,6,no,Yes,no,Yes,2,5,Yes,Yes,No,Yes,Yes,Yes,570000000,House
Gulbarg,10890,22,old,1,5,no,Yes,no,Yes,1,5,Yes,Yes,No,No,Yes,Yes,75000000,House
Gulbarg,3267,16,old,2,4,no,Yes,no,Yes,1,3,Yes,Yes,No,Yes,Yes,Yes,55000000,House
Gulbarg,2722,20,old,2,7,no,Yes,no,Yes,1,4,Yes,No,No,No,Yes,Yes,45000000,House
Gulberg,10890,16,old,1,5,no,Yes,no,Yes,1,5,Yes,Yes,No,No,Yes,Yes,82500000,House
Gulberg,8167,19,old,2,8,no,Yes,no,Yes,2,6,Yes,Yes,No,No,Yes,Yes,120000000,House
Gulberg,10890,31,new,2,10,no,Yes,no,Yes,2,5,Yes,Yes,No,No,Yes,Yes,250000000,House
Gulberg,10890,22,old,2,7,no,Yes,no,Yes,2,5,Yes,Yes,No,No,Yes,Yes,250000000,House
Gulberg,10890,24,old,2,6,no,Yes,no,Yes,2,5,Yes,Yes,No,No,Yes,Yes,220000000,House
Gulberg,10890,17,old,2,7,no,Yes,no,Yes,1,6,Yes,Yes,No,No,Yes,Yes,150000000,House
Gulberg,21780,17,old,2,7,no,Yes,no,Yes,1,7,Yes,Yes,No,No,Yes,Yes,420000000,House
Gulberg,10890,18,old,2,7,no,Yes,no,Yes,2,6,Yes,Yes,No,No,Yes,Yes,150000000,House
Gulberg,5445,13,old,2,5,no,Yes,no,Yes,2,4,Yes,Yes,No,No,Yes,Yes,87000000,House
Gulberg,5445,12,old,1,5,no,Yes,no,Yes,1,4,Yes,Yes,No,No,Yes,Yes,50000000,House
Gulberg,2722,14,new,2,4,no,Yes,no,No,2,4,Yes,Yes,No,No,Yes,Yes,35000000,House
Gulberg,8167,17,old,2,6,no,Yes,no,Yes,1,6,Yes,Yes,No,No,Yes,Yes,120000000,House
Gulberg,70785,15,old,1,3,no,Yes,no,Yes,1,3,Yes,Yes,No,No,Yes,Yes,350000000,House
Gulberg,3811,12,old,2,5,no,Yes,no,No,1,4,Yes,Yes,No,No,Yes,Yes,60000000,House
Gulberg,5445,21,old,2,8,no,Yes,no,Yes,2,8,Yes,Yes,No,No,Yes,Yes,100000000,House
Gulberg,5445,17,old,2,6,no,Yes,no,Yes,2,6,Yes,Yes,No,No,Yes,Yes,100000000,House
Gulberg,49005,27,old,2,10,no,Yes,no,Yes,2,10,Yes,Yes,No,No,Yes,Yes,800000000,House
Gulberg,5445,14,old,2,6,no,Yes,no,Yes,1,5,Yes,Yes,No,No,Yes,Yes,45000000,House
Gulberg,5445,12,old,1,5,no,Yes,no,Yes,1,4,Yes,Yes,No,No,Yes,Yes,55000000,House
Gulberg,10890,14,old,1,5,no,Yes,no,Yes,1,5,Yes,Yes,No,No,Yes,Yes,145000000,House
Gulberg,10890,15,old,1,7,no,Yes,no,Yes,1,6,Yes,Yes,No,No,Yes,Yes,146000000,House
Gulberg,2722,24,new,2,6,no,Yes,no,No,2,6,Yes,Yes,No,No,Yes,Yes,40000000,House
Gulberg,6534,19,new,2,8,no,Yes,no,Yes,2,7,Yes,Yes,No,No,No,Yes,125000000,House
Gulberg,2722,9,new,1,3,no,Yes,no,No,1,3,Yes,Yes,No,No,No,Yes,33000000,House
Gulberg,10890,33,old,2,10,no,Yes,no,Yes,2,7,Yes,Yes,No,No,Yes,Yes,240000000,House
Gulberg,10890,26,old,2,7,no,Yes,no,Yes,2,5,Yes,Yes,No,No,Yes,Yes,250000000,House
Gulberg,6534,15,new,2,5,no,Yes,no,Yes,1,5,Yes,Yes,No,No,Yes,Yes,75000000,House
Gulberg,4554,16,new,2,5,no,Yes,no,Yes,2,5,Yes,Yes,No,No,No,Yes,82500000,House
Gulberg,5445,15,new,2,6,no,Yes,no,Yes,2,5,Yes,Yes,No,No,No,Yes,50000000,House
Gulberg,2722,14,old,2,5,no,Yes,no,No,2,4,Yes,Yes,No,No,No,Yes,55000000,House
Gulberg,21780,11,old,1,4,no,Yes,no,Yes,1,4,Yes,Yes,No,No,Yes,Yes,550000000,House
Gulberg,3811,13,old,2,5,no,Yes,no,No,2,4,Yes,Yes,No,No,No,Yes,60000000,House
Gulberg,5445,14,old,2,5,no,Yes,no,Yes,2,5,Yes,Yes,No,No,No,Yes,92500000,House
Gulberg,5445,15,old,2,5,no,Yes,no,Yes,1,5,Yes,Yes,No,No,No,Yes,77500000,House
Gulberg,817,13,old,1,4,no,Yes,no,Yes,1,4,Yes,Yes,No,No,Yes,Yes,300000000,House
Gulberg,2722,12,old,2,5,no,Yes,no,No,1,5,Yes,Yes,No,No,No,Yes,32500000,House
Gulberg,4356,21,old,2,10,no,Yes,no,No,2,10,Yes,Yes,No,No,No,Yes,70000000,House
Gulberg,2722,12,old,2,5,no,Yes,no,No,2,5,Yes,Yes,No,No,No,Yes,45000000,House
Gulberg,2722,14,old,2,6,no,Yes,no,No,2,5,Yes,Yes,No,No,No,Yes,46000000,House
Gulberg,8712,9,old,1,3,no,Yes,no,Yes,1,3,Yes,Yes,No,No,Yes,Yes,62500000,House
Gulberg,2722,12,old,2,5,no,Yes,no,No,1,5,Yes,Yes,No,No,No,Yes,47000000,House
Gulberg,10890,18,old,2,9,no,Yes,no,Yes,1,7,Yes,Yes,No,No,No,Yes,180000000,House
Gulberg,5445,12,old,1,4,no,Yes,no,Yes,1,4,Yes,Yes,No,No,No,Yes,220000000,House
Gulberg,23958,18,old,2,8,no,Yes,Yes,Yes,1,8,Yes,Yes,No,No,Yes,Yes,400000000,House
Gulberg,12523,19,old,2,6,no,Yes,no,Yes,2,7,Yes,Yes,No,No,Yes,Yes,210000000,House
Gulberg,4554,12,old,1,5,no,Yes,no,Yes,1,5,Yes,Yes,No,No,Yes,Yes,100000000,House
Gulberg,10890,19,new,2,7,no,Yes,no,Yes,2,6,Yes,Yes,No,No,No,Yes,160000000,House
Gulberg,10789,13,old,2,4,no,Yes,no,Yes,2,4,Yes,Yes,No,No,Yes,Yes,220000000,House
Gulberg,3811,16,new,2,4,no,Yes,no,Yes,1,4,Yes,Yes,No,No,Yes,Yes,63000000,House
Gulberg,5445,13,old,2,6,no,Yes,no,Yes,1,5,Yes,Yes,No,No,Yes,Yes,60000000,House
Gulberg,2722,12,old,2,5,no,Yes,no,No,2,5,Yes,Yes,No,No,Yes,Yes,60000000,House
Johar Town,3267,16,old,2,6,no,Yes,no,No,2,5,Yes,Yes,No,No,Yes,Yes,48000000,House
Johar Town,2722,19,old,2,7,no,Yes,no,No,2,6,Yes,Yes,No,No,Yes,Yes,42500000,House
Johar Town,2722,21,old,2,6,no,Yes,no,No,1,5,Yes,Yes,No,No,Yes,Yes,4050000,House
Johar Town,1361,11,old,2,3,no,Yes,no,No,1,3,Yes,Yes,No,No,Yes,Yes,17500000,House
Johar Town,1361,14,new,2,6,no,Yes,no,No,2,5,Yes,Yes,No,No,Yes,Yes,28500000,House
Johar Town,327,22,old,2,8,no,Yes,no,Yes,3,7,Yes,Yes,No,No,Yes,Yes,100000000,House
Johar Town,1361,15,old,2,4,no,Yes,no,No,2,4,Yes,Yes,No,No,Yes,Yes,20000000,House
Johar Town,3267,15,old,2,6,no,Yes,no,No,2,6,Yes,Yes,No,No,Yes,Yes,62500000,House
Johar Town,1361,12,new,2,5,no,Yes,no,No,2,4,Yes,Yes,No,No,Yes,Yes,22500000,House
Johar Town,3267,13,old,2,5,no,Yes,no,No,2,4,Yes,Yes,No,No,Yes,Yes,35000000,House
Johar Town,1361,11,old,2,4,no,Yes,no,No,2,3,Yes,Yes,No,No,Yes,Yes,17500000,House
Johar Town,3267,14,old,2,6,no,Yes,no,No,2,5,Yes,Yes,No,No,Yes,Yes,47000000,House
Johar Town,1361,15,old,2,5,no,Yes,no,No,2,5,Yes,Yes,No,No,Yes,Yes,28500000,House
Johar Town,3811,16,old,2,5,no,Yes,no,No,2,5,Yes,Yes,No,No,No,Yes,56500000,House
Johar Town,2722,17,old,3,5,no,Yes,no,No,3,5,Yes,Yes,No,No,No,Yes,22500000,House
Johar Town,3267,21,new,2,6,no,Yes,no,No,2,5,Yes,Yes,No,No,No,Yes,32000000,House
Johar Town,2722,20,new,2,6,no,Yes,no,No,2,5,Yes,Yes,No,No,No,Yes,41000000,House
Johar Town,1905,18,new,2,6,no,Yes,no,No,2,5,Yes,Yes,No,No,No,Yes,20000000,House
Johar Town,1361,14,new,2,6,no,Yes,no,No,2,5,Yes,Yes,No,No,No,Yes,28500000,House
Johar Town,3811,15,new,2,6,no,Yes,no,No,2,5,Yes,Yes,No,No,No,Yes,52200000,House
Johar Town,681,4,old,1,1,no,Yes,no,No,1,2,Yes,Yes,No,No,No,Yes,300000,House
Johar Town,3267,17,old,2,7,no,Yes,no,No,2,6,Yes,Yes,No,No,No,Yes,60000000,House
Johar Town,2722,14,old,2,6,no,Yes,no,No,2,5,Yes,Yes,No,No,No,Yes,42500000,House
Johar Town,1361,9,old,2,3,no,Yes,no,No,2,3,Yes,Yes,No,No,No,Yes,18000000,House
Johar Town,1361,15,new,2,6,no,Yes,no,No,2,5,Yes,Yes,No,No,No,Yes,29500000,House
Johar Town,1361,8,old,1,4,no,Yes,no,No,1,3,Yes,Yes,No,No,Yes,Yes,17500000,House
Johar Town,3267,26,new,2,8,no,Yes,no,No,2,5,Yes,Yes,No,No,Yes,Yes,47500000,House
Johar Town,1361,15,new,2,6,no,Yes,no,No,2,5,Yes,Yes,No,No,Yes,Yes,27000000,House
Johar Town,2041,20,new,2,5,no,Yes,no,No,2,4,Yes,Yes,No,No,Yes,Yes,30000000,House
Johar Town,3267,19,old,3,7,no,Yes,no,No,3,6,Yes,Yes,No,No,Yes,Yes,45000000,House
Johar Town,953,14,new,2,3,no,Yes,no,No,2,3,Yes,Yes,No,No,Yes,Yes,15000000,House
Johar Town,1361,12,old,2,3,no,Yes,no,No,2,3,Yes,Yes,No,No,No,Yes,17000000,House
Johar Town,1361,15,old,2,5,no,Yes,no,No,2,5,Yes,Yes,No,No,Yes,Yes,18000000,House
Johar Town,1415,16,old,2,5,no,Yes,no,No,2,5,Yes,Yes,No,No,No,Yes,19000000,House
Johar Town,1361,17,old,2,5,no,Yes,no,No,2,5,Yes,Yes,No,No,Yes,Yes,21000000,House
Johar Town,1361,16,old,2,5,no,Yes,no,No,2,4,Yes,Yes,No,No,Yes,Yes,18500000,House
Johar Town,4554,24,old,2,6,no,Yes,no,Yes,1,5,Yes,Yes,No,No,Yes,Yes,47500000,House
Johar Town,3811,28,old,3,9,no,Yes,no,No,3,8,Yes,Yes,No,No,Yes,Yes,35000000,House
Johar Town,3267,21,new,2,5,no,Yes,no,No,2,4,Yes,Yes,No,No,Yes,Yes,39000000,House
Johar Town,4900,26,new,3,7,no,Yes,no,No,2,6,Yes,Yes,No,No,Yes,Yes,55000000,House
Johar Town,4554,18,new,1,4,no,Yes,no,Yes,1,3,Yes,Yes,No,No,Yes,Yes,47500000,House
Johar Town,2722,26,new,3,7,no,Yes,no,No,2,6,Yes,Yes,No,No,No,Yes,42000000,House
Johar Town,4554,20,old,1,9,no,Yes,no,Yes,1,6,Yes,Yes,No,No,Yes,Yes,120000000,House
Johar Town,1361,11,old,2,4,no,Yes,no,No,2,3,Yes,Yes,No,No,No,Yes,16500000,House
Johar Town,1633,15,new,3,6,no,Yes,no,No,2,5,Yes,Yes,No,No,No,Yes,29500000,House
Johar Town,1361,14,new,2,6,no,Yes,no,No,2,5,Yes,Yes,No,No,No,Yes,26500000,House
Johar Town,1361,13,old,2,6,no,Yes,no,No,2,5,Yes,Yes,No,No,No,Yes,26500000,House
Johar Town,1361,11,old,2,5,no,Yes,no,No,2,4,Yes,Yes,No,No,Yes,Yes,17500000,House
Johar Town,953,11,new,2,4,no,Yes,no,No,2,4,Yes,Yes,No,No,No,Yes,16500000,House
Johar Town,1361,15,old,2,5,no,Yes,no,No,2,5,Yes,Yes,No,No,No,Yes,20000000,House
Johar Town,3267,16,old,2,5,no,Yes,no,No,2,5,Yes,Yes,No,No,Yes,Yes,62500000,House
Johar Town,1361,15,old,2,7,no,Yes,no,No,2,6,Yes,Yes,No,No,No,Yes,29500000,House
Johar Town,1361,10,old,2,4,no,Yes,no,No,1,3,Yes,Yes,No,No,No,Yes,17500000,House
Johar Town,3811,20,new,2,6,no,Yes,no,No,2,5,Yes,Yes,No,No,Yes,Yes,40500000,House
Johar Town,1361,14,new,2,6,no,Yes,no,No,1,5,Yes,Yes,No,No,No,Yes,23500000,House
Johar Town,3811,15,new,2,6,no,Yes,no,No,2,5,Yes,Yes,No,No,No,Yes,52500000,House
Johar Town,2722,12,new,2,5,no,Yes,no,Yes,2,5,Yes,Yes,No,No,No,Yes,42500000,House
Johar Town,1361,14,new,2,5,no,Yes,no,No,2,5,Yes,Yes,No,No,No,Yes,21000000,House
Johar Town,817,12,new,2,3,no,Yes,no,No,2,3,Yes,Yes,No,No,No,Yes,9500000,House
Johar Town,3267,13,old,2,5,no,Yes,no,No,2,4,Yes,Yes,No,No,No,Yes,35000000,House
Johar Town,1361,16,new,2,6,no,Yes,no,No,2,6,Yes,Yes,No,No,No,Yes,27000000,House
Johar Town,2178,13,old,2,4,no,Yes,no,No,2,4,Yes,Yes,No,No,No,Yes,35000000,House
Shadbagh,681,9,new,2,3,no,Yes,no,No,2,3,Yes,Yes,Yes,No,No,Yes,11500000,House
Shadbagh,653,8,new,2,3,no,Yes,no,No,2,3,Yes,Yes,No,No,No,Yes,8500000,House
Shadbagh,327,5,new,2,2,no,Yes,no,No,2,2,Yes,Yes,No,No,No,Yes,3500000,House
Shadbagh,817,10,new,2,3,no,Yes,no,No,2,3,Yes,Yes,No,No,No,Yes,15500000,House
Shadbagh,817,10,new,2,4,no,Yes,no,No,2,4,Yes,Yes,No,No,No,Yes,7500000,House
Shadbagh,999,9,new,2,4,no,Yes,no,No,2,4,Yes,Yes,No,No,No,Yes,8200000,House
Shadbagh,953,10,new,2,4,no,Yes,no,No,2,3,Yes,Yes,No,No,No,Yes,12000000,House
Shadbagh,1361,6,new,1,2,no,Yes,no,No,1,2,Yes,Yes,No,No,No,Yes,8500000,House
Shadbagh,681,10,new,2,3,no,Yes,no,No,2,4,Yes,Yes,No,No,No,Yes,7500000,House
Shadbagh,1089,7,old,2,2,no,Yes,no,No,1,4,Yes,Yes,No,No,No,Yes,9800000,House
Shadbagh,953,6,new,1,2,no,Yes,no,No,1,2,Yes,Yes,No,No,No,Yes,5800000,House
Shadbagh,653,9,new,2,3,no,Yes,no,No,2,4,Yes,Yes,No,No,No,Yes,20000000,House
Shadbagh,1361,13,new,2,5,no,Yes,no,No,2,5,Yes,Yes,No,No,No,Yes,15000000,House
Shadbagh,1361,10,old,2,4,no,Yes,no,No,1,4,Yes,Yes,Yes,No,No,Yes,20000000,House
Shadbagh,817,6,old,2,1,no,Yes,no,No,1,3,Yes,Yes,No,No,No,Yes,6500000,House
Shadbagh,3675,20,old,2,7,no,Yes,no,No,2,11,Yes,Yes,No,No,No,Yes,45000000,House
Shadbagh,1524,11,new,2,4,no,Yes,no,No,2,3,Yes,Yes,Yes,No,No,Yes,16500000,House
Shadbagh,1633,17,old,2,3,no,Yes,no,No,2,4,Yes,Yes,No,No,No,Yes,13800000,House
Shadbagh,2722,13,new,2,4,no,Yes,no,No,2,5,Yes,Yes,No,No,No,Yes,31500000,House
Shadbagh,1633,18,new,2,6,no,Yes,no,No,2,6,Yes,Yes,No,No,No,Yes,25000000,House
Shadbagh,817,11,old,2,4,no,Yes,no,No,2,4,Yes,Yes,No,No,No,Yes,7500000,House
Shadbagh,1633,8,old,1,3,no,Yes,no,No,1,3,Yes,Yes,No,No,No,Yes,14000000,House
Shadbagh,2041,14,new,3,5,no,Yes,no,No,2,5,Yes,Yes,No,No,No,Yes,25000000,House
Shadbagh,545,9,new,2,3,no,Yes,no,No,2,2,Yes,Yes,No,No,No,Yes,6800000,House
Shadbagh,3267,24,old,2,7,no,Yes,no,No,2,8,Yes,Yes,No,No,No,Yes,36000000,House
Baghbanpura,2069,19,new,2,6,no,Yes,no,No,2,5,Yes,Yes,No,No,No,Yes,21500000,House
Baghbanpura,817,7,old,2,2,no,Yes,no,No,1,3,Yes,Yes,No,No,No,Yes,5500000,House
Baghbanpura,953,11,old,2,4,no,Yes,no,No,1,4,Yes,Yes,No,No,No,Yes,7000000,House
Baghbanpura,681,7,new,2,3,no,Yes,no,No,1,3,Yes,Yes,No,No,No,Yes,6850000,House
Baghbanpura,1225,13,new,3,4,no,Yes,no,No,2,7,Yes,Yes,No,No,No,Yes,12000000,House
Baghbanpura,1361,12,new,3,4,no,Yes,no,No,2,6,Yes,Yes,No,No,No,Yes,13000000,House
Baghbanpura,817,8,old,2,3,no,Yes,no,No,1,3,Yes,Yes,No,No,No,Yes,7000000,House
Baghbanpura,572,8,old,2,3,no,Yes,no,No,1,3,Yes,Yes,No,No,No,Yes,7500000,House
Baghbanpura,2722,10,new,1,3,no,Yes,no,No,1,5,Yes,Yes,No,No,No,Yes,20000000,House
Baghbanpura,1361,7,new,1,2,no,Yes,no,No,1,3,Yes,Yes,No,No,No,Yes,9500000,House
Baghbanpura,1089,6,new,2,2,no,Yes,no,No,2,3,Yes,Yes,No,No,No,Yes,5900000,House
Wapda Town,2722,21,new,2,6,no,Yes,no,Yes,2,5,Yes,Yes,No,No,No,Yes,28000000,House
Wapda Town,5445,24,new,2,7,no,Yes,Yes,Yes,2,6,Yes,Yes,No,No,Yes,Yes,64500000,House
Wapda Town,10890,29,new,2,9,no,Yes,Yes,Yes,1,6,Yes,Yes,No,No,No,Yes,122500000,House
Wapda Town,2722,25,new,2,6,no,Yes,no,No,2,5,Yes,Yes,No,No,No,Yes,47500000,House
Wapda Town,2722,11,new,2,5,no,Yes,no,No,2,4,Yes,Yes,No,No,No,Yes,26500000,House
Wapda Town,2722,28,new,2,8,no,Yes,no,Yes,2,6,Yes,Yes,No,No,Yes,Yes,135000000,House
Wapda Town,2722,17,old,2,6,no,Yes,no,No,2,5,Yes,Yes,No,No,No,Yes,31500000,House
Wapda Town,2722,22,new,2,6,no,Yes,no,No,2,5,Yes,Yes,No,No,No,Yes,48000000,House
Wapda Town,6534,25,new,2,10,no,Yes,no,Yes,2,8,Yes,Yes,No,No,Yes,Yes,58000000,House
Wapda Town,2722,23,new,2,6,no,Yes,no,No,2,5,Yes,Yes,No,No,No,Yes,48000000,House
Wapda Town,5445,24,new,2,6,no,Yes,no,No,2,5,Yes,Yes,No,No,No,Yes,72500000,House
Wapda Town,5445,27,old,2,8,no,Yes,no,No,2,6,Yes,Yes,No,No,Yes,Yes,55000000,House
Wapda Town,5445,29,new,2,8,no,Yes,no,No,3,6,Yes,Yes,No,No,No,Yes,74900000,House
Wapda Town,5445,27,new,2,7,no,Yes,no,No,3,6,Yes,Yes,No,No,Yes,Yes,66000000,House
Wapda Town,5445,19,new,2,6,no,Yes,no,Yes,2,5,Yes,Yes,No,No,No,Yes,57000000,House
Wapda Town,2722,17,new,2,6,no,Yes,no,Yes,2,5,Yes,Yes,No,No,No,Yes,47500000,House
Wapda Town,5445,17,new,2,5,no,Yes,no,Yes,2,5,Yes,Yes,No,No,No,Yes,75000000,House
Wapda Town,5445,18,old,2,5,no,Yes,no,Yes,2,5,Yes,Yes,No,No,No,Yes,70000000,House
Wapda Town,2722,17,old,2,5,no,Yes,no,No,2,5,Yes,Yes,No,No,No,Yes,32000000,House
Wapda Town,1361,13,old,2,5,no,Yes,no,No,2,5,Yes,Yes,No,No,No,Yes,17500000,House
Wapda Town,1361,18,old,2,7,no,Yes,no,Yes,2,5,Yes,Yes,No,No,No,Yes,100000000,House
Wapda Town,2722,17,new,2,6,no,Yes,no,No,2,6,Yes,Yes,No,No,Yes,Yes,45500000,House
Wapda Town,2722,19,old,2,7,no,Yes,no,No,3,6,Yes,Yes,No,No,No,Yes,33000000,House
Wapda Town,10890,18,new,2,7,no,Yes,no,Yes,2,6,Yes,Yes,No,No,No,Yes,92000000,House
Wapda Town,5445,20,new,2,8,no,Yes,no,Yes,2,7,Yes,Yes,No,No,Yes,Yes,80000000,House
Wapda Town,1361,14,new,2,5,no,Yes,no,No,2,5,Yes,Yes,No,No,No,Yes,19100000,House
Wapda Town,2722,17,new,2,6,no,Yes,no,No,2,5,Yes,Yes,No,No,No,Yes,35500000,House
Wapda Town,5445,19,new,2,6,no,Yes,no,Yes,3,6,Yes,Yes,No,No,Yes,Yes,75000000,House
Wapda Town,2722,17,new,2,5,no,Yes,no,No,2,5,Yes,Yes,No,No,No,Yes,32000000,House
Wapda Town,2722,10,old,2,4,no,Yes,no,No,1,3,Yes,Yes,No,No,No,Yes,25000000,House
Wapda Town,2722,15,new,2,5,no,Yes,no,No,2,6,Yes,Yes,No,No,No,Yes,30000000,House
Wapda Town,2722,7,new,1,3,no,Yes,no,No,1,2,Yes,Yes,No,No,No,Yes,28000000,House
Wapda Town,5445,18,new,2,7,no,Yes,no,Yes,2,7,Yes,Yes,No,No,No,Yes,60000000,House
Wapda Town,5445,24,new,2,6,no,Yes,no,Yes,2,5,Yes,Yes,Yes,No,Yes,Yes,64900000,House
Wapda Town,518,6,old,1,2,no,Yes,no,No,1,2,Yes,Yes,No,No,No,Yes,2100000,House
Wapda Town,1361,13,new,2,5,no,Yes,no,No,2,5,Yes,Yes,No,No,Yes,Yes,19100000,House
Shahdara,817,11,new,2,2,no,Yes,no,No,2,3,Yes,Yes,No,No,No,Yes,6500000,House
Shahdara,1361,15,new,2,3,no,Yes,no,No,2,3,Yes,Yes,No,No,Yes,Yes,12000000,House
Shahdara,817,13,new,2,2,no,Yes,no,No,2,3,Yes,Yes,No,No,Yes,Yes,7750000,House
Shahdara,2314,9,new,2,3,no,Yes,no,No,1,2,Yes,Yes,No,No,Yes,Yes,19000000,House
Shahdara,4628,14,old,2,6,no,Yes,no,No,2,6,Yes,Yes,No,No,No,Yes,30000000,House
Shahdara,2450,14,new,2,3,no,Yes,no,No,2,5,Yes,Yes,No,No,Yes,Yes,14000000,House
Shahdara,1090,17,new,2,3,no,Yes,no,No,2,5,Yes,Yes,No,No,No,Yes,6700000,House
Shahdara,1361,9,new,2,2,no,Yes,no,No,2,4,Yes,Yes,No,No,No,Yes,9500000,House
Shahdara,1361,12,new,2,5,no,Yes,no,No,2,5,Yes,Yes,No,No,No,Yes,14900000,House
Shahdara,1143,6,new,2,2,no,Yes,no,No,2,2,Yes,Yes,No,No,No,Yes,9500000,House
Shahdara,681,6,new,2,2,no,Yes,no,No,2,3,Yes,Yes,No,No,No,Yes,5000000,House
Shahdara,545,10,new,3,3,no,Yes,no,No,2,5,Yes,Yes,No,No,No,Yes,4500000,House
Shahdara,1090,15,new,3,4,no,Yes,no,No,3,4,Yes,Yes,No,No,Yes,Yes,13500000,House
Shahdara,354,8,new,3,2,no,Yes,no,No,2,3,Yes,Yes,No,No,No,Yes,4000000,House
Shahdara,817,8,new,2,4,no,Yes,no,No,1,3,Yes,Yes,No,No,No,Yes,7000000,House
Shahdara,1197,10,new,2,4,no,Yes,no,No,1,5,Yes,Yes,No,No,No,Yes,7000000,House
Shahdara,1361,11,new,2,3,no,Yes,no,No,2,6,Yes,Yes,No,No,No,Yes,10000000,House
Raiwind Road,1361,12,old,2,3,no,Yes,no,No,1,3,Yes,Yes,No,No,Yes,Yes,13600000,House
Raiwind Road,1742,16,new,2,6,no,Yes,no,No,2,5,Yes,Yes,Yes,No,Yes,Yes,26000000,House
Raiwind Road,1361,13,new,2,5,no,Yes,no,No,2,4,Yes,Yes,No,No,No,Yes,18000000,House
Raiwind Road,1361,17,new,2,5,no,Yes,no,No,2,4,Yes,Yes,No,No,No,Yes,18500000,House
Raiwind Road,817,14,new,2,4,no,Yes,no,No,2,3,Yes,Yes,No,No,No,Yes,12000000,House
Raiwind Road,953,12,new,2,5,no,Yes,no,No,2,4,Yes,Yes,Yes,No,No,Yes,13800000,House
Raiwind Road,3267,14,new,2,4,no,Yes,no,No,2,4,Yes,Yes,No,No,Yes,Yes,49000000,House
Raiwind Road,1361,19,new,2,4,no,Yes,no,No,2,3,Yes,Yes,No,No,Yes,Yes,15200000,House
Raiwind Road,817,16,new,2,3,no,Yes,no,No,1,3,Yes,Yes,No,No,Yes,Yes,13000000,House
Raiwind Road,1361,12,new,2,5,no,Yes,no,No,2,4,Yes,Yes,No,No,Yes,Yes,22500000,House
Raiwind Road,817,11,new,2,4,no,Yes,no,No,2,3,Yes,Yes,No,No,Yes,Yes,9800000,House
Raiwind Road,817,18,new,2,4,no,Yes,no,No,2,3,Yes,Yes,No,No,Yes,Yes,14000000,House
Raiwind Road,2722,19,new,2,6,no,Yes,no,No,2,6,Yes,Yes,No,No,No,Yes,36000000,House
Raiwind Road,1261,13,old,2,4,no,Yes,no,No,2,4,Yes,Yes,No,No,No,Yes,22500000,House
Raiwind Road,3811,20,new,2,6,no,Yes,no,No,2,6,Yes,Yes,No,No,Yes,Yes,52500000,House
Raiwind Road,1261,10,new,2,4,no,Yes,no,No,2,4,Yes,Yes,No,No,No,Yes,22500000,House
Raiwind Road,2722,16,new,2,6,no,Yes,no,No,2,5,Yes,Yes,No,No,Yes,Yes,23000000,House
Raiwind Road,1261,14,new,2,4,no,Yes,no,No,2,3,Yes,Yes,No,No,Yes,Yes,13600000,House
Raiwind Road,817,13,new,2,4,no,Yes,no,No,2,3,Yes,Yes,No,No,Yes,Yes,12500000,House
Raiwind Road,817,7,new,2,3,no,Yes,no,No,1,3,Yes,Yes,No,No,No,Yes,10000000,House
Raiwind Road,817,8,new,2,3,no,Yes,no,No,2,3,Yes,Yes,No,No,No,Yes,11500000,House
Raiwind Road,2722,13,new,2,5,no,Yes,no,No,2,5,Yes,Yes,No,No,No,Yes,40000000,House
Samanabad,1034,13,new,2,5,no,Yes,no,No,2,4,Yes,Yes,No,No,Yes,Yes,18500000,House
Samanabad,1633,12,new,2,4,no,Yes,no,No,2,4,Yes,Yes,No,No,No,Yes,12500000,House
Samanabad,3267,11,new,2,4,no,Yes,no,No,2,5,Yes,Yes,No,No,No,Yes,30000000,House
Samanabad,1633,6,new,1,3,no,Yes,no,No,1,2,Yes,Yes,No,No,No,Yes,14500000,House
Samanabad,545,8,new,2,2,no,Yes,no,No,1,3,Yes,Yes,No,No,No,Yes,7000000,House
Samanabad,545,9,new,2,2,no,Yes,no,No,1,3,Yes,Yes,No,No,No,Yes,6500000,House
Samanabad,1261,14,new,2,5,no,Yes,no,No,2,5,Yes,Yes,No,No,No,Yes,22000000,House
Samanabad,2178,16,new,2,5,no,Yes,no,No,2,4,Yes,Yes,No,No,Yes,Yes,28000000,House
Samanabad,2178,11,new,2,5,no,Yes,no,No,2,4,Yes,Yes,No,No,Yes,Yes,25000000,House
Samanabad,817,12,new,3,4,no,Yes,no,No,2,4,Yes,Yes,No,No,No,Yes,12800000,House
Samanabad,3267,15,new,2,5,no,Yes,no,No,2,5,Yes,Yes,No,No,No,Yes,33500000,House
Samanabad,1089,8,new,1,3,no,Yes,no,No,1,3,Yes,Yes,No,No,No,Yes,17500000,House
Samanabad,817,8,new,2,3,no,Yes,no,No,2,3,Yes,Yes,No,No,No,Yes,7000000,House
Samanabad,1261,12,new,2,5,no,Yes,no,No,2,5,Yes,Yes,No,No,No,Yes,23000000,House
Samanabad,817,7,new,2,3,no,Yes,no,No,1,3,Yes,Yes,No,No,No,Yes,10000000,House
Samanabad,953,11,new,2,4,no,Yes,no,No,2,4,Yes,Yes,No,No,No,Yes,14000000,House
Samanabad,6534,19,new,2,6,no,Yes,no,Yes,2,6,Yes,Yes,No,No,Yes,Yes,70000000,House
Samanabad,2722,14,old,2,4,no,Yes,no,No,1,4,Yes,Yes,No,No,Yes,Yes,42500000,House
Samanabad,2722,16,old,2,4,no,Yes,no,No,1,4,Yes,Yes,No,No,Yes,Yes,37500000,House
Samanabad,2722,14,new,2,3,no,Yes,no,No,1,3,Yes,Yes,No,No,Yes,Yes,27500000,House
Samanabad,5445,21,old,2,6,no,Yes,no,Yes,2,5,Yes,Yes,No,No,Yes,Yes,72500000,House
Samanabad,4628,19,new,2,5,no,Yes,no,Yes,2,4,Yes,Yes,No,No,Yes,Yes,78000000,House
Samanabad,5445,18,new,2,5,no,Yes,no,Yes,2,4,Yes,Yes,No,No,No,Yes,66500000,House
Samanabad,2722,15,new,2,4,no,Yes,no,No,1,3,Yes,Yes,No,No,Yes,Yes,39000000,House
Samanabad,4628,19,new,2,4,no,Yes,no,Yes,2,4,Yes,Yes,No,No,No,Yes,66400000,House
DHA,5445,23,new,2,6,no,Yes,no,Yes,3,5,Yes,Yes,No,Yes,No,Yes,98000000,House
DHA,10890,27,new,2,6,no,Yes,no,Yes,2,6,Yes,Yes,No,No,No,Yes,300000000,House
DHA,5445,22,new,2,6,no,Yes,no,Yes,1,5,Yes,Yes,No,No,No,Yes,60000000,House
DHA,10890,25,new,2,6,no,Yes,no,Yes,2,5,Yes,Yes,No,No,No,Yes,200000000,House
DHA,5445,20,new,2,6,no,Yes,no,Yes,1,5,Yes,Yes,No,No,No,Yes,60000000,House
DHA,5445,19,new,2,6,no,Yes,no,Yes,1,4,Yes,Yes,No,No,No,Yes,60000000,House
DHA,2722,20,new,2,4,no,Yes,no,Yes,1,5,Yes,Yes,No,No,No,Yes,40000000,House
DHA,5445,15,new,2,4,no,Yes,no,Yes,1,3,Yes,Yes,No,No,No,Yes,80000000,House
DHA,5445,27,new,2,6,no,Yes,no,Yes,2,5,Yes,Yes,No,No,No,Yes,50000000,House
DHA,5445,17,new,2,6,Yes,Yes,Yes,Yes,2,5,Yes,Yes,No,No,No,Yes,80000000,House
DHA,10890,14,new,2,6,no,Yes,no,Yes,2,5,Yes,Yes,No,No,No,Yes,90000000,House
DHA,5445,17,old,2,5,no,Yes,no,Yes,1,4,Yes,Yes,No,No,No,Yes,50000000,House
DHA,5445,20,new,2,7,no,Yes,no,Yes,2,6,Yes,Yes,No,No,No,Yes,110000000,House
DHA,2722,18,new,2,5,no,Yes,no,No,3,4,Yes,Yes,No,No,No,Yes,60000000,House
DHA,1361,16,new,2,4,no,Yes,no,No,1,3,Yes,Yes,No,No,No,Yes,30000000,House
DHA,5445,26,new,2,6,no,Yes,no,Yes,3,5,Yes,Yes,No,No,No,Yes,80000000,House
DHA,2178,22,new,2,5,no,Yes,no,Yes,2,4,Yes,Yes,No,No,No,Yes,30000000,House
DHA,1361,18,new,2,4,no,Yes,no,No,2,3,Yes,Yes,No,No,No,Yes,20000000,House
DHA,2722,24,new,2,4,no,Yes,no,No,2,4,Yes,Yes,No,No,No,Yes,50000000,House
DHA,10890,24,new,2,6,no,Yes,no,Yes,1,6,Yes,Yes,No,No,No,Yes,140000000,House
DHA,1361,11,new,2,5,no,Yes,no,No,1,3,Yes,Yes,No,No,No,Yes,20000000,House
DHA,1361,11,new,2,5,no,Yes,no,No,1,3,Yes,Yes,No,No,No,Yes,20000000,House
DHA,5445,25,old,2,6,no,Yes,no,Yes,2,5,Yes,Yes,No,No,No,Yes,90000000,House
DHA,1361,11,new,2,5,no,Yes,no,No,1,3,Yes,Yes,No,No,No,Yes,20000000,House
DHA,5445,25,new,2,6,no,Yes,no,Yes,2,5,Yes,Yes,No,No,No,Yes,120000000,House
DHA,5445,26,new,2,6,no,Yes,no,Yes,2,5,Yes,Yes,No,No,No,Yes,100000000,House
DHA,5445,25,new,2,6,no,Yes,no,Yes,2,5,Yes,Yes,No,No,No,Yes,110000000,House
DHA,5445,26,new,2,6,no,Yes,no,Yes,3,5,Yes,Yes,No,No,No,Yes,70000000,House
DHA,1089,7,new,2,2,no,Yes,no,No,1,2,Yes,Yes,No,No,No,Yes,10000000,House
Walton,1361,12,old,2,4,no,Yes,no,No,2,3,Yes,Yes,No,No,No,No,14500000,House
Walton,817,12,new,2,4,no,Yes,no,No,2,3,Yes,Yes,No,No,No,No,12500000,House
Walton,817,9,new,2,3,no,Yes,no,No,2,3,Yes,Yes,No,No,No,No,14200000,House
Walton,681,15,old,2,3,no,Yes,no,No,2,3,Yes,Yes,No,Yes,No,No,7500000,House
Walton,681,15,new,2,3,no,Yes,no,No,2,3,Yes,Yes,No,Yes,No,No,10000000,House
Walton,817,15,new,2,3,no,Yes,no,No,2,3,Yes,Yes,No,No,No,No,10000000,House
Walton,817,15,new,2,3,no,Yes,no,No,2,3,Yes,Yes,No,Yes,No,No,10000000,House
Walton,817,15,new,2,3,no,Yes,no,No,2,3,Yes,Yes,No,Yes,No,No,10000000,House
Walton,1225,15,new,2,3,no,Yes,no,No,2,3,Yes,Yes,No,Yes,No,No,10000000,House
Walton,1225,15,old,2,3,no,Yes,no,No,2,3,Yes,Yes,No,Yes,No,No,10000000,House
Walton,817,16,new,2,4,no,Yes,no,No,2,3,Yes,Yes,No,Yes,No,No,10000000,House
Walton,817,11,new,2,4,no,Yes,no,No,2,3,Yes,Yes,No,Yes,No,No,10000000,House
Walton,681,8,new,2,3,no,Yes,no,No,1,2,Yes,Yes,No,Yes,No,No,9000000,House
Walton,817,12,new,2,4,no,Yes,no,No,2,3,Yes,Yes,No,Yes,No,No,10000000,House
Walton,817,8,old,2,3,no,Yes,no,No,2,3,Yes,Yes,No,No,No,No,8500000,House
Walton,681,9,new,2,4,no,Yes,no,No,1,3,Yes,Yes,No,Yes,No,No,8600000,House
Walton,817,9,new,2,4,no,Yes,no,No,2,3,Yes,Yes,No,No,No,No,14000000,House
Walton,545,7,new,2,2,no,Yes,no,No,1,2,Yes,Yes,No,No,No,No,7500000,House
Walton,817,10,new,2,4,no,Yes,no,No,2,3,Yes,Yes,No,No,No,No,14200000,House
Walton,1361,17,old,2,3,no,Yes,no,No,1,3,Yes,Yes,No,Yes,No,No,14500000,House
Walton,1361,17,old,2,3,no,Yes,no,No,1,3,Yes,Yes,No,Yes,No,No,14500000,House
Walton,545,11,new,2,4,no,Yes,no,No,3,4,Yes,Yes,No,No,No,No,8400000,House
Walton,817,7,new,2,3,no,Yes,no,No,1,3,Yes,Yes,No,No,No,No,8000000,House
Walton,681,5,new,2,2,no,Yes,no,No,1,2,Yes,Yes,No,No,No,No,10000000,House
Walton,681,5,new,2,2,no,Yes,no,No,1,2,Yes,Yes,No,No,No,No,8500000,House
Walton,545,7,new,2,2,no,Yes,no,No,2,2,Yes,Yes,No,No,No,No,6600000,House
Walton,1089,10,old,2,2,no,Yes,no,No,2,3,Yes,Yes,No,No,No,No,10000000,House
Walton,817,17,old,2,6,no,Yes,no,No,2,6,Yes,Yes,No,No,No,No,9000000,House
Eden ,3267,22,old,2,5,no,Yes,no,Yes,1,4,Yes,Yes,No,Yes,No,Yes,42500000,House
Eden ,1361,10,new,2,3,no,Yes,no,No,1,3,Yes,Yes,No,Yes,No,Yes,15000000,House
Eden ,1905,10,new,2,3,no,Yes,no,No,1,3,Yes,Yes,No,Yes,No,Yes,20000000,House
Eden ,817,8,new,2,2,no,Yes,no,No,1,2,Yes,Yes,No,Yes,No,Yes,4400000,House
Eden ,2722,15,new,2,6,no,Yes,no,Yes,2,5,Yes,Yes,No,Yes,No,Yes,40000000,House
Eden ,2722,10,new,2,4,no,Yes,no,No,2,4,Yes,Yes,No,Yes,No,Yes,9500000,House
Eden ,2722,9,old,2,3,no,Yes,no,No,2,3,Yes,Yes,No,Yes,No,Yes,25000000,House
Eden ,817,7,new,2,2,no,Yes,no,No,1,2,Yes,Yes,No,Yes,No,Yes,2600000,House
Eden ,2722,24,new,2,5,no,Yes,no,Yes,2,4,Yes,Yes,No,Yes,No,Yes,30000000,House
Eden ,5445,22,new,2,6,no,Yes,no,Yes,2,5,Yes,Yes,No,Yes,No,Yes,50000000,House
Eden ,1089,9,old,2,2,no,Yes,no,No,1,3,Yes,Yes,No,Yes,No,Yes,7800000,House
Eden ,953,7,old,2,3,no,Yes,no,No,1,3,Yes,Yes,No,Yes,No,Yes,8000000,House
Eden ,3267,12,old,2,4,no,Yes,no,No,2,3,Yes,Yes,No,Yes,No,Yes,32500000,House
Eden ,2722,13,old,2,4,no,Yes,no,No,2,3,Yes,Yes,No,Yes,No,Yes,550000000,House
Eden ,817,7,new,2,2,no,Yes,no,No,1,2,Yes,Yes,No,Yes,No,Yes,4700000,House
Eden ,5445,15,new,2,6,no,Yes,no,Yes,2,5,Yes,Yes,No,Yes,No,Yes,46000000,House
Eden ,1225,6,old,2,2,no,Yes,no,No,1,3,Yes,Yes,No,Yes,No,Yes,10000000,House
Eden ,2722,21,new,2,5,no,Yes,no,Yes,1,4,Yes,Yes,No,Yes,No,Yes,30000000,House
Eden ,2722,21,new,2,5,no,Yes,no,Yes,1,4,Yes,Yes,No,Yes,No,Yes,30000000,House
Eden ,2722,21,new,2,5,no,Yes,no,Yes,1,4,Yes,Yes,No,Yes,No,Yes,30000000,House
Eden ,3811,14,new,2,5,no,Yes,no,Yes,2,5,Yes,Yes,No,Yes,No,Yes,40000000,House
Eden ,5445,15,new,2,6,no,Yes,no,Yes,2,5,Yes,Yes,No,Yes,No,Yes,50000000,House
Eden ,2722,21,new,2,5,no,Yes,no,Yes,2,4,Yes,Yes,No,Yes,No,Yes,30000000,House
Eden ,953,8,new,2,3,no,Yes,no,No,1,3,Yes,Yes,No,Yes,No,Yes,4500000,House
Eden ,2722,21,new,2,5,no,Yes,no,Yes,1,4,Yes,Yes,No,Yes,No,Yes,30000000,House
Eden ,2178,13,new,2,4,no,Yes,no,No,1,4,Yes,Yes,No,Yes,No,Yes,20000000,House
Eden ,1633,10,old,2,3,no,Yes,no,No,1,3,Yes,Yes,No,Yes,No,Yes,16500000,House
Eden ,5445,22,new,2,6,no,Yes,no,Yes,2,5,Yes,Yes,No,Yes,No,Yes,55000000,House
Eden ,2722,11,new,2,4,no,Yes,no,Yes,2,3,Yes,Yes,No,Yes,No,Yes,40000000,House
Eden ,2722,14,new,2,4,no,Yes,no,No,2,6,Yes,Yes,No,Yes,No,Yes,57000000,House
Eden ,2722,23,new,2,5,no,Yes,no,No,2,5,Yes,Yes,No,Yes,No,Yes,40000000,House
Eden ,817,14,new,2,4,no,Yes,no,No,2,4,Yes,Yes,No,Yes,No,Yes,4400000,House
Eden ,817,5,old,2,3,no,Yes,no,No,1,3,Yes,Yes,No,Yes,No,Yes,4400000,House
Eden ,817,15,new,2,4,no,Yes,no,No,2,4,Yes,Yes,No,Yes,No,Yes,4600000,House
Eden ,5172,21,new,2,6,no,Yes,no,Yes,2,5,Yes,Yes,No,Yes,No,Yes,50000000,House
Eden ,817,5,new,2,1,no,Yes,no,No,1,2,Yes,Yes,No,Yes,No,Yes,3300000,House
Eden ,5445,16,new,2,6,no,Yes,no,Yes,2,6,Yes,Yes,No,Yes,No,Yes,55000000,House
Eden ,2722,22,new,2,5,no,Yes,no,Yes,2,4,Yes,Yes,No,Yes,No,Yes,30000000,House
Eden ,2722,22,new,2,5,no,Yes,no,Yes,2,4,Yes,Yes,No,Yes,No,Yes,30000000,House
Eden ,5445,22,new,2,5,no,Yes,no,Yes,1,5,Yes,Yes,No,Yes,No,Yes,65000000,House
Eden ,2722,10,old,2,4,no,Yes,no,No,1,5,Yes,Yes,No,Yes,No,Yes,30000000,House
Eden ,1361,9,old,2,3,no,Yes,no,No,2,3,Yes,Yes,No,Yes,No,Yes,14500000,House
Eden ,817,9,new,2,3,no,Yes,no,No,2,3,Yes,Yes,No,Yes,No,Yes,7500000,House
Eden ,817,9,new,2,3,no,Yes,no,No,2,3,Yes,Yes,No,Yes,No,Yes,7500000,House
Eden ,1905,10,old,2,3,no,Yes,no,No,2,3,Yes,Yes,No,Yes,No,Yes,17000000,House
Eden ,817,7,new,2,3,no,Yes,no,No,1,3,Yes,Yes,No,Yes,No,Yes,4700000,House
Eden ,817,10,new,2,3,no,Yes,no,No,1,3,Yes,Yes,No,Yes,No,Yes,5200000,House
Eden ,1361,12,new,2,5,no,Yes,no,No,2,5,Yes,Yes,No,Yes,No,Yes,1000000,House
Eden ,1225,7,old,2,2,no,Yes,no,No,2,3,Yes,Yes,No,Yes,No,Yes,1000000,House
Eden ,2994,12,old,2,4,no,Yes,no,No,2,4,Yes,Yes,No,Yes,No,Yes,25000000,House
Cavalry,4356,14,new,2,5,no,Yes,no,Yes,2,4,Yes,Yes,No,No,No,Yes,55000000,House
Cavalry,8712,17,old,2,5,no,Yes,no,Yes,2,4,Yes,Yes,No,Yes,No,Yes,100000000,House
Cavalry,6534,15,old,2,6,no,Yes,no,Yes,2,5,Yes,Yes,No,No,No,Yes,70000000,House
Cavalry,2722,23,old,2,5,no,Yes,no,Yes,2,5,Yes,Yes,No,Yes,No,Yes,30000000,House
Cavalry,2722,12,new,2,3,no,Yes,no,Yes,1,3,Yes,Yes,No,Yes,No,Yes,30000000,House
Cavalry,817,11,new,2,4,no,Yes,no,Yes,2,3,Yes,Yes,No,No,No,Yes,14000000,House
Cavalry,10890,15,old,2,6,no,Yes,no,Yes,2,6,Yes,Yes,No,No,No,Yes,14000000,House
Cavalry,3811,19,old,2,4,no,Yes,no,Yes,2,4,Yes,Yes,No,Yes,No,Yes,45000000,House
Cavalry,2450,8,old,2,3,no,Yes,no,Yes,1,3,Yes,Yes,No,Yes,No,Yes,25000000,House
Cavalry,681,7,new,2,4,no,Yes,no,Yes,1,3,Yes,Yes,No,No,No,Yes,95000000,House
Cavalry,1769,17,old,2,4,no,Yes,no,Yes,2,4,Yes,Yes,No,Yes,No,Yes,25000000,House
Cavalry,2722,18,old,2,4,no,Yes,no,Yes,2,4,Yes,Yes,No,Yes,No,Yes,30000000,House
Cavalry,545,8,old,2,3,no,Yes,no,Yes,2,3,Yes,Yes,No,No,No,Yes,9000000,House
Cavalry,4356,13,new,2,5,no,Yes,no,Yes,2,4,Yes,Yes,No,Yes,No,Yes,70000000,House
Cavalry,4900,13,old,1,5,no,Yes,no,Yes,1,5,Yes,Yes,No,No,No,Yes,40000000,House
Cavalry,10890,16,old,1,7,no,Yes,no,Yes,1,6,Yes,Yes,No,No,No,Yes,140000000,House
Cavalry,1361,9,new,2,3,no,Yes,no,Yes,1,3,Yes,Yes,No,No,No,Yes,20000000,House
Cavalry,10890,16,old,2,7,no,Yes,no,Yes,1,6,Yes,Yes,No,No,No,Yes,110000000,House
Cavalry,1361,19,old,2,4,no,Yes,no,Yes,2,3,Yes,Yes,No,No,No,Yes,17000000,House
Cavalry,3539,14,old,2,5,no,Yes,no,Yes,2,5,Yes,Yes,No,No,No,Yes,40000000,House
Cavalry,1061,10,old,2,3,no,Yes,no,Yes,2,3,Yes,Yes,No,No,No,Yes,13000000,House
Cavalry,1089,11,new,2,4,no,Yes,no,Yes,2,3,Yes,Yes,No,No,No,Yes,20000000,House
Cavalry,3539,20,old,2,6,no,Yes,no,Yes,2,5,Yes,Yes,No,No,No,Yes,45000000,House
Cavalry,545,6,old,2,3,no,Yes,no,Yes,2,2,Yes,Yes,No,No,No,Yes,7200000,House
Cavalry,1905,9,old,2,4,no,Yes,no,Yes,1,4,Yes,Yes,No,No,No,Yes,30000000,House
Cavalry,3267,18,old,2,5,no,Yes,no,Yes,2,5,Yes,Yes,No,No,No,Yes,35000000,House
Cavalry,3267,13,old,2,5,no,Yes,no,Yes,2,5,Yes,Yes,No,No,No,Yes,40000000,House
Cavalry,599,8,old,2,4,no,Yes,no,Yes,1,3,Yes,Yes,No,No,No,Yes,98000000,House
Cavalry,545,7,old,2,2,no,Yes,no,Yes,2,2,Yes,Yes,No,No,No,Yes,7500000,House
Cavalry,6534,20,old,2,6,no,Yes,no,Yes,2,5,Yes,Yes,No,No,No,Yes,75000000,House
Cavalry,8712,20,old,2,6,no,Yes,no,Yes,2,5,Yes,Yes,No,No,No,Yes,140000000,House
Pak Arab,1089,10,new,2,4,no,Yes,no,No,2,3,Yes,Yes,No,Yes,No,No,12500000,House
Pak Arab,817,12,old,2,4,no,Yes,no,No,2,3,Yes,Yes,No,Yes,No,Yes,9500000,House
Pak Arab,2722,25,old,2,8,no,Yes,no,No,3,6,Yes,Yes,No,Yes,No,Yes,32500000,House
Pak Arab,2722,27,new,2,7,no,Yes,no,No,2,7,Yes,Yes,No,Yes,No,Yes,35000000,House
Pak Arab,1089,22,new,2,4,no,Yes,no,No,2,4,Yes,Yes,No,Yes,No,Yes,14000000,House
Pak Arab,1089,19,old,2,3,no,Yes,no,No,2,3,Yes,Yes,No,Yes,No,Yes,20000000,House
Pak Arab,1089,20,old,2,3,no,Yes,no,No,2,4,Yes,Yes,No,Yes,No,Yes,13000000,House
Pak Arab,817,19,old,2,3,no,Yes,no,No,2,3,Yes,Yes,No,Yes,No,Yes,10000000,House
Pak Arab,1089,20,new,2,3,no,Yes,no,No,2,4,Yes,Yes,No,Yes,No,Yes,13000000,House
Pak Arab,1089,10,new,2,4,no,Yes,no,No,2,3,Yes,Yes,No,Yes,No,Yes,13500000,House
Pak Arab,1089,22,new,2,4,no,Yes,no,No,3,4,Yes,Yes,No,Yes,No,Yes,14000000,House
Pak Arab,1089,23,new,2,5,no,Yes,no,No,3,4,Yes,Yes,No,Yes,No,Yes,14000000,House
Pak Arab,2994,15,old,2,5,no,Yes,no,No,2,5,Yes,Yes,No,Yes,No,Yes,26000000,House
Pak Arab,817,9,new,2,4,no,Yes,no,No,1,3,Yes,Yes,No,Yes,No,Yes,10000000,House
Pak Arab,1361,14,new,2,5,no,Yes,no,No,2,4,Yes,Yes,No,Yes,No,Yes,10000000,House
Pak Arab,1089,20,new,2,4,no,Yes,no,No,3,4,Yes,Yes,No,Yes,No,Yes,15000000,House
Pak Arab,817,14,new,2,3,no,Yes,no,No,2,3,Yes,Yes,No,Yes,No,Yes,10000000,House
Pak Arab,1361,10,new,2,4,no,Yes,no,No,2,3,Yes,Yes,No,Yes,No,Yes,7300000,House
Pak Arab,817,10,new,2,4,no,Yes,no,No,2,3,Yes,Yes,No,Yes,No,Yes,10000000,House
Pak Arab,1361,11,old,2,4,no,Yes,no,No,2,3,Yes,Yes,No,Yes,No,Yes,20000000,House
Pak Arab,1361,11,old,2,4,no,Yes,no,No,2,3,Yes,Yes,No,Yes,No,Yes,20000000,House
Pak Arab,1361,14,new,2,4,no,Yes,no,No,2,4,Yes,Yes,No,Yes,No,Yes,20000000,House
Pak Arab,1361,12,new,2,4,no,Yes,no,No,2,3,Yes,Yes,No,Yes,No,Yes,20000000,House
Pak Arab,1361,10,new,2,5,no,Yes,no,No,2,4,Yes,Yes,No,Yes,No,Yes,16500000,House
Pak Arab,817,8,new,2,4,no,Yes,no,No,2,3,Yes,Yes,No,Yes,No,Yes,8500000,House
Pak Arab,817,11,new,2,3,no,Yes,no,No,2,3,Yes,Yes,No,Yes,No,Yes,5000000,House
Pak Arab,817,21,new,3,5,no,Yes,no,No,2,5,Yes,Yes,No,Yes,No,Yes,10000000,House
Pak Arab,1361,17,new,2,4,no,Yes,no,No,2,3,Yes,Yes,No,Yes,No,Yes,20000000,House
Pak Arab,817,10,new,2,4,no,Yes,no,No,2,3,Yes,Yes,No,Yes,No,Yes,8500000,House
Pak Arab,1089,8,new,2,3,no,Yes,no,No,2,3,Yes,Yes,No,Yes,No,Yes,13000000,House
Pak Arab,1361,12,new,2,5,no,Yes,no,No,2,3,Yes,Yes,No,Yes,No,Yes,8500000,House
Pak Arab,1361,10,new,2,4,no,Yes,no,No,1,3,Yes,Yes,No,Yes,No,Yes,20000000,House
Pak Arab,817,8,new,2,3,no,Yes,no,No,2,3,Yes,Yes,No,Yes,No,Yes,9200000,House
Pak Arab,817,9,new,2,3,no,Yes,no,No,2,3,Yes,Yes,No,Yes,No,Yes,10000000,House
Pak Arab,817,10,new,2,3,no,Yes,no,No,2,3,Yes,Yes,No,Yes,No,Yes,9500000,House
Pak Arab,1361,10,new,2,4,no,Yes,no,No,2,3,Yes,Yes,No,Yes,No,Yes,20000000,House
Pak Arab,1361,15,new,2,5,no,Yes,no,No,2,5,Yes,Yes,No,Yes,No,Yes,16000000,House
Pak Arab,1361,12,new,2,4,no,Yes,no,No,2,3,Yes,Yes,No,Yes,No,Yes,17000000,House
Pak Arab,1361,12,new,2,4,no,Yes,no,No,2,3,Yes,Yes,No,Yes,No,Yes,20000000,House
Pak Arab,1361,12,new,2,4,no,Yes,no,No,2,3,Yes,Yes,No,Yes,No,Yes,17000000,House
Pak Arab,1361,12,new,2,4,no,Yes,no,No,2,3,Yes,Yes,No,Yes,No,Yes,17000000,House
Pak Arab,1361,12,new,2,4,no,Yes,no,No,2,3,Yes,Yes,No,Yes,No,Yes,18000000,House
Pak Arab,1361,12,new,2,4,no,Yes,no,No,2,3,Yes,Yes,No,Yes,No,Yes,18000000,House
Pak Arab,1361,12,new,2,4,no,Yes,no,No,2,3,Yes,Yes,No,Yes,No,Yes,18000000,House
Pak Arab,1361,12,new,2,4,no,Yes,no,No,2,3,Yes,Yes,No,Yes,No,Yes,20000000,House
Pak Arab,1361,12,new,2,4,no,Yes,no,No,2,3,Yes,Yes,No,Yes,No,Yes,20000000,House
Pak Arab,1633,12,new,2,4,no,Yes,no,No,2,3,Yes,Yes,No,Yes,No,Yes,30000000,House
Pak Arab,1905,12,new,2,4,no,Yes,no,No,2,3,Yes,Yes,No,Yes,No,Yes,40000000,House
Pak Arab,2178,12,new,2,4,no,Yes,no,No,2,3,Yes,Yes,No,Yes,No,Yes,50000000,House
Pak Arab,2450,12,new,2,4,no,Yes,no,No,2,3,Yes,Yes,No,Yes,No,Yes,60000000,House
EME Society,5445,15,new,2,6,no,Yes,no,Yes,2,5,Yes,Yes,No,No,No,No,80000000,House
EME Society,9801,17,new,2,5,no,Yes,no,Yes,1,5,Yes,Yes,No,Yes,No,Yes,120000000,House
EME Society,10890,14,new,2,6,no,Yes,no,Yes,1,5,Yes,Yes,No,Yes,No,Yes,350000000,House
EME Society,5445,23,new,2,6,no,Yes,no,Yes,2,5,Yes,Yes,No,Yes,No,Yes,50000000,House
EME Society,1361,16,new,2,4,no,Yes,no,Yes,1,3,Yes,Yes,No,Yes,No,Yes,25000000,House
EME Society,1361,14,new,2,4,no,Yes,no,Yes,1,3,Yes,Yes,No,Yes,No,Yes,22500000,House
EME Society,1361,10,new,2,4,no,Yes,no,Yes,2,3,Yes,Yes,No,Yes,No,Yes,25000000,House
EME Society,2722,13,new,2,4,no,Yes,no,Yes,2,4,Yes,Yes,No,Yes,No,Yes,40000000,House
EME Society,5445,15,new,2,5,no,Yes,no,Yes,2,5,Yes,Yes,No,Yes,No,Yes,50000000,House
EME Society,5445,15,new,2,5,no,Yes,no,Yes,2,5,Yes,Yes,No,Yes,No,Yes,55000000,House
EME Society,5445,15,new,2,5,no,Yes,no,Yes,2,5,Yes,Yes,No,Yes,No,Yes,75000000,House
EME Society,5445,16,new,2,5,no,Yes,no,Yes,1,5,Yes,Yes,No,Yes,No,Yes,105000000,House
EME Society,5445,21,new,2,6,no,Yes,no,Yes,2,6,Yes,Yes,No,Yes,No,Yes,70000000,House
EME Society,1361,10,new,2,3,no,Yes,no,Yes,2,3,Yes,Yes,No,Yes,No,Yes,20000000,House
EME Society,2722,14,new,2,5,no,Yes,no,Yes,2,5,Yes,Yes,No,Yes,No,Yes,37500000,House
EME Society,1361,10,new,2,3,no,Yes,no,Yes,2,3,Yes,Yes,No,Yes,No,Yes,25000000,House
EME Society,5445,16,new,2,6,no,Yes,no,Yes,2,6,Yes,Yes,No,Yes,No,Yes,50000000,House
EME Society,5445,16,new,2,6,no,Yes,no,Yes,2,6,Yes,Yes,No,Yes,No,Yes,60000000,House
EME Society,5445,16,new,2,6,no,Yes,no,Yes,2,6,Yes,Yes,No,Yes,No,Yes,62500000,House
EME Society,5445,14,new,2,5,no,Yes,no,Yes,2,5,Yes,Yes,No,Yes,No,Yes,60000000,House
EME Society,2722,17,new,2,7,no,Yes,no,Yes,2,5,Yes,Yes,No,Yes,No,Yes,40000000,House
EME Society,5445,17,new,2,6,no,Yes,no,Yes,2,6,Yes,Yes,No,Yes,No,Yes,70000000,House
EME Society,5445,18,new,2,6,no,Yes,no,Yes,2,6,Yes,Yes,No,Yes,No,Yes,70000000,House
EME Society,8712,22,new,2,8,no,Yes,no,Yes,2,8,Yes,Yes,No,Yes,No,Yes,180000000,House
EME Society,5445,17,new,2,7,no,Yes,no,Yes,2,6,Yes,Yes,No,Yes,No,Yes,80000000,House
EME Society,7078,14,new,2,5,no,Yes,no,Yes,2,5,Yes,Yes,No,Yes,No,Yes,80000000,House
EME Society,5445,14,new,2,5,no,Yes,no,Yes,2,5,Yes,Yes,No,Yes,No,Yes,52500000,House
EME Society,5445,14,new,2,5,no,Yes,no,Yes,2,5,Yes,Yes,No,Yes,No,Yes,65000000,House
EME Society,5445,14,new,2,5,no,Yes,no,Yes,2,5,Yes,Yes,No,Yes,No,Yes,62500000,House
EME Society,5445,14,new,2,5,no,Yes,no,Yes,2,5,Yes,Yes,No,Yes,No,Yes,60000000,House
EME Society,5445,14,new,2,5,no,Yes,no,Yes,2,5,Yes,Yes,No,Yes,No,Yes,85000000,House
EME Society,5445,14,new,2,5,no,Yes,no,Yes,2,5,Yes,Yes,No,Yes,No,Yes,100000000,House
EME Society,5445,14,new,2,5,no,Yes,no,Yes,2,5,Yes,Yes,No,Yes,No,Yes,55000000,House
EME Society,2722,14,new,2,5,no,Yes,no,Yes,2,5,Yes,Yes,No,Yes,No,Yes,40000000,House
EME Society,2722,14,new,2,5,no,Yes,no,Yes,2,5,Yes,Yes,No,Yes,No,Yes,40000000,House
EME Society,5445,14,new,2,5,no,Yes,no,Yes,2,5,Yes,Yes,No,Yes,No,Yes,65000000,House
EME Society,5445,25,new,2,6,no,Yes,no,Yes,2,6,Yes,Yes,No,Yes,No,Yes,65000000,House
EME Society,7078,12,new,2,4,no,Yes,no,Yes,2,4,Yes,Yes,No,Yes,No,Yes,90000000,House
EME Society,5445,17,new,2,6,no,Yes,no,Yes,2,5,Yes,Yes,No,Yes,No,Yes,60000000,House
EME Society,5445,15,new,2,5,no,Yes,no,Yes,2,5,Yes,Yes,No,Yes,No,Yes,55000000,House
EME Society,8712,19,new,2,7,no,Yes,no,Yes,2,7,Yes,Yes,No,Yes,No,Yes,130000000,House
EME Society,7078,25,new,2,10,no,Yes,no,Yes,2,10,Yes,Yes,No,Yes,No,Yes,80000000,House
EME Society,5445,18,old,2,7,no,Yes,no,Yes,2,7,Yes,Yes,No,Yes,No,Yes,65000000,House
EME Society,545,27,new,2,7,no,Yes,no,Yes,2,6,Yes,Yes,No,Yes,No,Yes,160000000,House
EME Society,1361,14,new,2,4,no,Yes,no,Yes,2,3,Yes,Yes,No,Yes,No,Yes,25000000,House
EME Society,1361,15,new,2,4,no,Yes,no,Yes,2,3,Yes,Yes,No,Yes,No,Yes,25000000,House
EME Society,1361,16,new,2,4,no,Yes,no,Yes,1,3,Yes,Yes,No,Yes,No,Yes,20000000,House
EME Society,5445,15,new,2,6,no,Yes,no,Yes,2,5,Yes,Yes,No,Yes,No,Yes,85000000,House
EME Society,5445,15,new,2,5,no,Yes,no,Yes,2,5,Yes,Yes,No,Yes,No,Yes,70000000,House
EME Society,1361,15,new,2,4,no,Yes,no,Yes,4,4,Yes,Yes,No,Yes,No,Yes,25000000,House
EME Society,8712,20,new,2,6,no,Yes,no,Yes,2,6,Yes,Yes,No,Yes,No,Yes,100000000,House
Bahria Town,626,5,new,2,1,no,Yes,no,No,1,1,Yes,Yes,No,Yes,Yes,Yes,7500000,House
Bahria Town,2722,23,new,2,7,no,Yes,no,No,2,5,Yes,Yes,No,Yes,No,Yes,30000000,House
Bahria Town,5445,16,new,2,6,no,Yes,no,Yes,2,5,Yes,Yes,No,Yes,No,Yes,85000000,House
Bahria Town,2940,24,new,2,6,no,Yes,no,Yes,2,5,Yes,Yes,No,Yes,No,Yes,30000000,House
Bahria Town,545,3,new,3,1,no,Yes,no,Yes,1,1,Yes,Yes,No,Yes,No,Yes,7600000,House
Bahria Town,1261,15,new,2,4,no,Yes,no,Yes,2,3,Yes,Yes,No,Yes,No,Yes,15500000,House
Bahria Town,2722,20,new,2,6,no,Yes,no,Yes,2,5,Yes,Yes,No,Yes,No,Yes,30000000,House
Bahria Town,2722,20,new,2,6,no,Yes,no,Yes,2,5,Yes,Yes,No,Yes,No,Yes,40000000,House
Bahria Town,1261,17,new,2,4,no,Yes,no,Yes,2,3,Yes,Yes,No,Yes,No,Yes,25000000,House
Bahria Town,2722,14,new,2,6,no,Yes,no,Yes,2,5,Yes,Yes,No,Yes,No,Yes,30000000,House
Bahria Town,2178,16,new,2,4,no,Yes,no,Yes,1,4,Yes,Yes,No,Yes,No,Yes,23000000,House
Bahria Town,2722,19,new,2,6,no,Yes,no,Yes,2,5,Yes,Yes,No,Yes,No,Yes,40000000,House
Bahria Town,2722,13,new,2,5,no,Yes,no,Yes,2,4,Yes,Yes,No,Yes,No,Yes,30000000,House
Bahria Town,2994,20,new,2,6,no,Yes,no,Yes,2,5,Yes,Yes,No,Yes,No,Yes,30000000,House
Bahria Town,2178,13,new,2,3,no,Yes,no,Yes,2,3,Yes,Yes,No,Yes,No,Yes,20000000,House
Bahria Town,10890,16,new,2,6,no,Yes,no,Yes,2,6,Yes,Yes,No,Yes,No,Yes,150000000,House
Bahria Town,2722,15,new,2,6,no,Yes,no,Yes,2,5,Yes,Yes,No,Yes,No,Yes,40000000,House
Bahria Town,1361,11,new,2,4,no,Yes,no,Yes,2,3,Yes,Yes,No,Yes,No,Yes,18000000,House
Bahria Town,1361,15,new,2,4,no,Yes,no,Yes,2,3,Yes,Yes,No,Yes,No,Yes,17500000,House
Bahria Town,1361,15,new,2,4,no,Yes,no,Yes,2,3,Yes,Yes,No,Yes,No,Yes,17500000,House
Bahria Town,2722,20,new,2,6,no,Yes,no,Yes,2,5,Yes,Yes,No,Yes,No,Yes,27000000,House
Bahria Town,1361,16,new,2,4,no,Yes,no,Yes,2,3,Yes,Yes,No,Yes,No,Yes,20000000,House
Bahria Town,1361,12,new,2,3,no,Yes,no,Yes,2,3,Yes,Yes,No,Yes,No,Yes,17000000,House
Bahria Town,545,3,new,2,1,no,Yes,no,Yes,1,1,Yes,Yes,No,Yes,No,Yes,4500000,House
Bahria Town,2722,24,new,2,6,no,Yes,no,Yes,2,5,Yes,Yes,No,Yes,No,Yes,37000000,House
Bahria Town,2722,22,new,2,10,no,Yes,no,Yes,2,8,Yes,Yes,No,Yes,No,Yes,40000000,House
Bahria Town,2722,15,new,2,6,no,Yes,no,Yes,2,5,Yes,Yes,No,Yes,No,Yes,40000000,House
Bahria Town,3267,19,new,2,6,no,Yes,no,Yes,2,5,Yes,Yes,No,Yes,No,Yes,54000000,House
Bahria Town,2722,24,new,2,7,no,Yes,no,Yes,2,5,Yes,Yes,No,Yes,No,Yes,26000000,House
Bahria Town,5445,28,new,2,7,no,Yes,no,Yes,2,6,Yes,Yes,No,Yes,No,Yes,110000000,House
Bahria Town,5445,24,new,2,6,no,Yes,no,Yes,2,5,Yes,Yes,No,Yes,No,Yes,60000000,House
Bahria Town,2178,16,new,2,4,no,Yes,no,Yes,2,4,Yes,Yes,No,Yes,No,Yes,20000000,House
Bahria Town,1361,15,new,2,4,no,Yes,no,Yes,2,3,Yes,Yes,No,Yes,No,Yes,20000000,House
Bahria Town,2722,23,new,2,6,no,Yes,no,Yes,2,5,Yes,Yes,No,Yes,No,Yes,36500000,House
Bahria Town,2722,18,new,2,6,no,Yes,no,Yes,2,5,Yes,Yes,No,Yes,No,Yes,36000000,House
Bahria Town,1361,20,new,2,5,no,Yes,no,Yes,2,3,Yes,Yes,No,Yes,No,Yes,17000000,House
Bahria Town,381,3,new,2,1,no,Yes,no,Yes,1,1,Yes,Yes,No,Yes,No,Yes,4500000,House
Bahria Town,2940,18,new,2,8,no,Yes,no,Yes,3,7,Yes,Yes,No,Yes,No,Yes,40000000,House
Bahria Town,2722,24,new,2,7,no,Yes,no,Yes,2,5,Yes,Yes,No,Yes,No,Yes,30000000,House
Bahria Town,1361,19,new,2,5,no,Yes,no,Yes,2,3,Yes,Yes,No,Yes,No,Yes,15000000,House
Bahria Town,1633,15,new,2,4,no,Yes,no,Yes,2,3,Yes,Yes,Yes,Yes,No,Yes,25000000,House
Bahria Town,1090,5,new,2,2,no,Yes,no,Yes,1,2,Yes,Yes,No,Yes,No,Yes,6800000,House
Bahria Town,762,6,old,2,2,no,Yes,no,Yes,1,2,Yes,Yes,No,Yes,No,Yes,8000000,House
Bahria Town,953,5,new,2,2,no,Yes,no,Yes,1,2,Yes,Yes,No,Yes,No,Yes,10000000,House
Bahria Town,1633,11,new,2,4,no,Yes,no,Yes,2,3,Yes,Yes,No,Yes,No,Yes,25000000,House
Bahria Town,1316,16,new,2,4,no,Yes,no,Yes,2,3,Yes,Yes,No,Yes,No,Yes,20000000,House
Bahria Town,1361,20,new,2,4,no,Yes,no,Yes,2,3,Yes,Yes,No,Yes,No,Yes,22500000,House
Bahria Town,1633,11,new,2,3,no,Yes,no,Yes,2,3,Yes,Yes,No,Yes,No,Yes,20000000,House
Bahria Town,2178,20,old,2,6,no,Yes,no,Yes,2,5,Yes,Yes,No,Yes,No,Yes,20000000,House
Lalazaar ,545,17,new,2,3,no,Yes,no,No,2,3,Yes,Yes,No,Yes,Yes,Yes,7000000,House
Lalazaar ,953,11,new,2,4,no,Yes,no,No,2,3,Yes,Yes,No,Yes,No,Yes,10000000,House
Lalazaar ,1090,11,new,2,4,no,Yes,no,No,2,3,Yes,Yes,No,Yes,No,Yes,10000000,House
Lalazaar ,953,15,new,2,3,no,Yes,no,No,2,3,Yes,Yes,No,Yes,No,Yes,9200000,House
Lalazaar ,817,13,new,3,3,no,Yes,no,No,2,3,Yes,Yes,No,Yes,No,Yes,9000000,House
Lalazaar ,817,13,new,2,3,no,Yes,no,No,2,3,Yes,Yes,No,Yes,No,Yes,9000000,House
Lalazaar ,454,10,new,2,3,no,Yes,no,No,2,3,Yes,Yes,No,Yes,No,Yes,8000000,House
Lalazaar ,545,10,new,2,3,no,Yes,no,No,2,3,Yes,Yes,No,Yes,No,Yes,7500000,House
Lalazaar ,817,13,new,2,3,no,Yes,no,No,2,3,Yes,Yes,No,Yes,No,Yes,9200000,House
Lalazaar ,817,13,new,2,3,no,Yes,no,No,2,3,Yes,Yes,No,Yes,No,Yes,9200000,House
Lalazaar ,817,13,new,2,3,no,Yes,no,No,2,3,Yes,Yes,No,Yes,No,Yes,9200000,House
Lalazaar ,1090,20,new,2,5,no,Yes,no,No,2,5,Yes,Yes,No,Yes,No,Yes,13000000,House
Lalazaar ,545,9,new,2,3,no,Yes,no,No,2,3,Yes,Yes,No,Yes,No,Yes,6000000,House
Lalazaar ,545,9,new,2,3,no,Yes,no,No,2,3,Yes,Yes,No,Yes,No,Yes,6000000,House
Lalazaar ,681,9,new,2,3,no,Yes,no,No,2,3,Yes,Yes,No,Yes,No,Yes,6500000,House
Lalazaar ,681,9,new,2,3,no,Yes,no,No,2,3,Yes,Yes,No,Yes,No,Yes,6500000,House
Lalazaar ,681,8,new,2,3,no,Yes,no,No,2,3,Yes,Yes,No,Yes,No,Yes,7000000,House
Lalazaar ,817,9,new,2,3,no,Yes,no,No,2,3,Yes,Yes,No,Yes,No,Yes,9000000,House
Lalazaar ,817,9,new,2,3,no,Yes,no,No,2,3,Yes,Yes,No,Yes,No,Yes,9000000,House
Lalazaar ,817,9,new,2,3,no,Yes,no,No,2,3,Yes,Yes,No,Yes,No,Yes,9000000,House
Lalazaar ,409,7,new,2,3,no,Yes,no,No,1,3,Yes,Yes,No,Yes,No,Yes,4500000,House
Lalazaar ,409,7,new,2,3,no,Yes,no,No,1,3,Yes,Yes,No,Yes,No,Yes,4500000,House
Bahria Orchard,2722,25,new,2,7,no,Yes,no,Yes,2,5,Yes,Yes,No,Yes,Yes,Yes,27000000,House
Bahria Orchard,1361,22,new,2,5,no,Yes,no,Yes,2,4,Yes,Yes,No,Yes,No,Yes,15000000,House
Bahria Orchard,2178,23,new,2,6,no,Yes,no,Yes,2,5,Yes,Yes,No,Yes,No,Yes,20000000,House
Bahria Orchard,1361,7,new,2,2,no,Yes,no,Yes,1,2,Yes,Yes,No,Yes,No,Yes,14000000,House
Bahria Orchard,2722,17,new,2,5,no,Yes,no,Yes,2,5,Yes,Yes,No,Yes,No,Yes,35000000,House
Bahria Orchard,2178,18,new,2,6,no,Yes,no,Yes,2,5,Yes,Yes,No,Yes,No,Yes,23000000,House
Bahria Orchard,2722,15,new,2,6,no,Yes,no,Yes,2,5,Yes,Yes,No,Yes,No,Yes,40000000,House
Bahria Orchard,763,13,new,1,1,no,Yes,no,Yes,1,1,Yes,Yes,No,Yes,No,Yes,8300000,House
Bahria Orchard,1261,5,new,2,2,no,Yes,no,Yes,1,2,Yes,Yes,No,Yes,No,Yes,4000000,House
Bahria Orchard,1361,10,new,2,3,no,Yes,no,Yes,2,3,Yes,Yes,No,Yes,No,Yes,15000000,House
Bahria Orchard,2178,20,new,2,6,no,Yes,no,Yes,2,5,Yes,Yes,No,Yes,No,Yes,25000000,House
Bahria Orchard,2722,24,new,2,6,no,Yes,no,Yes,2,5,Yes,Yes,No,Yes,No,Yes,30000000,House
Bahria Orchard,2178,17,new,2,6,no,Yes,no,Yes,2,5,Yes,Yes,No,Yes,No,Yes,20000000,House
Bahria Orchard,2178,17,new,2,6,no,Yes,no,Yes,2,5,Yes,Yes,No,Yes,No,Yes,19800000,House
Bahria Orchard,1361,16,new,2,4,no,Yes,no,Yes,2,3,Yes,Yes,No,Yes,No,Yes,14000000,House
Bahria Orchard,2178,11,new,2,4,no,Yes,no,Yes,2,3,Yes,Yes,No,Yes,No,Yes,21000000,House
Bahria Orchard,2178,17,new,2,6,no,Yes,no,Yes,2,5,Yes,Yes,No,Yes,No,Yes,20000000,House
Bahria Orchard,1361,7,new,2,4,no,Yes,no,Yes,2,3,Yes,Yes,No,Yes,No,Yes,16500000,House
Bahria Orchard,1905,15,new,2,5,no,Yes,no,Yes,2,4,Yes,Yes,No,Yes,No,Yes,26000000,House
Bahria Orchard,2722,18,new,2,5,no,Yes,no,Yes,2,5,Yes,Yes,No,Yes,No,Yes,35000000,House
Bahria Orchard,1361,14,new,2,4,no,Yes,no,Yes,2,4,Yes,Yes,No,Yes,No,Yes,16500000,House
Bahria Orchard,1361,16,new,2,4,no,Yes,no,Yes,2,3,Yes,Yes,No,Yes,No,Yes,13500000,House
Bahria Orchard,1361,15,new,2,5,no,Yes,no,Yes,2,4,Yes,Yes,No,Yes,No,Yes,17500000,House
Bahria Orchard,2722,17,new,2,4,no,Yes,no,Yes,2,3,Yes,Yes,No,Yes,No,Yes,17500000,House
Bahria Orchard,2722,18,new,2,4,no,Yes,no,Yes,2,3,Yes,Yes,No,Yes,No,Yes,30000000,House
Park View ,2722,15,new,2,5,no,Yes,no,Yes,2,5,Yes,Yes,No,Yes,No,Yes,25000000,House
Park View ,1361,13,new,2,5,no,Yes,no,Yes,2,4,Yes,Yes,No,Yes,No,Yes,20000000,House
Park View ,1361,12,new,2,4,no,Yes,no,Yes,2,4,Yes,Yes,No,Yes,No,Yes,20000000,House
Park View ,1361,11,new,2,4,no,Yes,no,Yes,2,4,Yes,Yes,No,Yes,No,Yes,14500000,House
Park View ,1361,13,new,3,5,no,Yes,no,Yes,2,5,Yes,Yes,No,Yes,No,Yes,12500000,House
Park View ,1361,10,new,2,3,no,Yes,no,Yes,2,3,Yes,Yes,No,Yes,No,Yes,20000000,House
Park View ,1361,12,new,2,4,no,Yes,no,Yes,2,4,Yes,Yes,No,Yes,No,Yes,20000000,House
Park View ,1361,13,new,2,5,no,Yes,no,Yes,2,4,Yes,Yes,No,Yes,No,Yes,17500000,House
Park View ,1361,19,new,2,4,no,Yes,no,Yes,2,3,Yes,Yes,No,Yes,No,Yes,14000000,House
Park View ,1361,14,new,2,4,no,Yes,no,Yes,2,4,Yes,Yes,No,Yes,No,Yes,14500000,House
Park View ,1633,16,new,3,5,no,Yes,no,Yes,2,5,Yes,Yes,No,Yes,No,Yes,12500000,House
Park View ,2722,21,new,2,5,no,Yes,no,Yes,2,5,Yes,Yes,No,Yes,No,Yes,40000000,House
Park View ,2722,16,new,2,6,no,Yes,no,Yes,2,6,Yes,Yes,No,Yes,No,Yes,40000000,House
Park View ,1361,13,new,2,4,no,Yes,no,Yes,2,4,Yes,Yes,No,Yes,No,Yes,20000000,House
Park View ,1361,22,new,2,4,no,Yes,no,Yes,2,4,Yes,Yes,No,Yes,No,Yes,17500000,House
Park View ,1361,13,new,2,5,no,Yes,no,Yes,1,4,Yes,Yes,No,Yes,No,Yes,15500000,House
Park View ,1361,12,new,2,4,no,Yes,no,Yes,2,4,Yes,Yes,No,Yes,No,Yes,17500000,House
Park View ,1361,12,new,2,4,no,Yes,no,Yes,2,4,Yes,Yes,No,Yes,No,Yes,15500000,House
Park View ,1361,12,new,2,4,no,Yes,no,Yes,2,4,Yes,Yes,No,Yes,No,Yes,15300000,House
Park View ,1361,12,new,2,4,no,Yes,no,Yes,2,4,Yes,Yes,No,Yes,No,Yes,16000000,House
Park View ,1633,15,new,2,5,no,Yes,no,Yes,2,4,Yes,Yes,No,Yes,No,Yes,20000000,House
Park View ,1361,13,new,2,4,no,Yes,no,Yes,2,4,Yes,Yes,No,Yes,No,Yes,18000000,House
Park View ,1361,13,new,2,4,no,Yes,no,Yes,2,4,Yes,Yes,No,Yes,No,Yes,18000000,House
Park View ,1361,14,new,2,4,no,Yes,no,Yes,2,3,Yes,Yes,No,Yes,No,Yes,17500000,House
Park View ,1361,14,new,2,4,no,Yes,no,Yes,2,4,Yes,Yes,No,Yes,No,Yes,17500000,House
Park View ,1361,15,new,2,5,no,Yes,no,Yes,2,4,Yes,Yes,No,Yes,No,Yes,17500000,House
Park View ,1361,11,new,2,3,no,Yes,no,Yes,2,3,Yes,Yes,No,Yes,No,Yes,18000000,House
Park View ,1361,14,new,2,4,no,Yes,no,Yes,2,4,Yes,Yes,No,Yes,No,Yes,15500000,House
Park View ,1361,11,new,2,4,no,Yes,no,Yes,2,4,Yes,Yes,No,Yes,No,Yes,16000000,House
Park View ,2722,17,new,2,5,no,Yes,no,Yes,2,5,Yes,Yes,No,Yes,No,Yes,32500000,House
Park View ,1361,12,new,2,5,no,Yes,no,Yes,2,4,Yes,Yes,No,Yes,No,Yes,16000000,House
Park View ,1361,14,new,2,4,no,Yes,no,Yes,2,4,Yes,Yes,No,Yes,No,Yes,14200000,House
Park View ,1361,13,new,2,4,no,Yes,no,Yes,2,4,Yes,Yes,No,Yes,No,Yes,18000000,House
Park View ,1449,14,new,2,5,no,Yes,no,Yes,2,4,Yes,Yes,No,Yes,No,Yes,23000000,House
Park View ,1361,13,new,2,4,no,Yes,no,Yes,2,4,Yes,Yes,No,Yes,No,Yes,13000000,House
Park View ,1361,14,new,2,5,no,Yes,no,Yes,2,4,Yes,Yes,No,Yes,No,Yes,18000000,House
Park View ,2722,18,new,2,6,no,Yes,no,Yes,2,6,Yes,Yes,No,Yes,No,Yes,30000000,House
Park View ,1361,13,new,2,4,no,Yes,no,Yes,2,4,Yes,Yes,No,Yes,No,Yes,15000000,House
Park View ,1361,14,new,2,4,no,Yes,no,Yes,2,4,Yes,Yes,No,Yes,No,Yes,15500000,House
Park View ,1361,14,new,2,4,no,Yes,no,Yes,2,4,Yes,Yes,No,Yes,No,Yes,14500000,House
Park View ,1361,13,new,2,4,no,Yes,no,Yes,2,4,Yes,Yes,Yes,Yes,No,Yes,14500000,House
Park View ,1361,12,new,2,4,no,Yes,no,Yes,2,4,Yes,Yes,No,Yes,No,Yes,18000000,House
Park View ,1361,15,old,2,5,no,Yes,no,Yes,2,4,Yes,Yes,No,Yes,No,Yes,18000000,House
Park View ,1361,12,new,2,4,no,Yes,no,Yes,2,3,Yes,Yes,No,Yes,No,Yes,18000000,House
Park View ,1361,19,new,2,5,no,Yes,no,Yes,2,4,Yes,Yes,No,Yes,No,Yes,18500000,House
Park View ,1361,13,new,2,4,no,Yes,no,Yes,2,4,Yes,Yes,No,Yes,No,Yes,17500000,House
Park View ,1361,13,new,2,4,no,Yes,no,Yes,2,4,Yes,Yes,No,Yes,No,Yes,14000000,House
Park View ,1361,13,new,2,4,no,Yes,no,Yes,2,4,Yes,Yes,No,Yes,No,Yes,16500000,House
Park View ,1361,15,new,2,5,no,Yes,no,Yes,2,4,Yes,Yes,No,Yes,No,Yes,16500000,House
Park View ,1361,15,new,2,5,no,Yes,no,Yes,2,4,Yes,Yes,No,Yes,No,Yes,18700000,House
Park View ,1361,15,new,2,5,no,Yes,no,Yes,2,4,Yes,Yes,No,Yes,No,Yes,9000000,House
Ferozpur,817,7,new,2,3,no,Yes,no,No,1,2,Yes,Yes,No,Yes,No,Yes,4500000,House
Ferozpur,1633,11,new,1,4,no,Yes,no,No,1,3,Yes,Yes,No,Yes,No,Yes,6000000,House
Ferozpur,119790,6,new,1,1,no,No,Yes,Yes,1,4,Yes,No,No,No,No,No,120000000,House
Ferozpur,817,10,new,2,4,no,Yes,no,No,1,3,Yes,Yes,No,No,No,No,6800000,House
Ferozpur,953,10,new,2,4,no,Yes,no,No,2,4,Yes,Yes,No,No,No,No,8400000,House
Ferozpur,1361,17,new,2,5,no,Yes,no,No,2,4,Yes,Yes,No,Yes,No,Yes,15500000,House
Ferozpur,1261,15,new,2,4,no,Yes,no,No,2,3,Yes,Yes,No,Yes,No,Yes,16000000,House
Ferozpur,1261,14,new,2,5,no,Yes,no,No,2,4,Yes,Yes,No,Yes,No,Yes,15200000,House
Ferozpur,681,4,new,2,2,no,Yes,no,No,2,2,Yes,Yes,No,Yes,No,Yes,4600000,House
Ferozpur,1225,4,new,2,2,no,Yes,no,No,2,2,Yes,Yes,No,Yes,No,Yes,6500000,House
Ferozpur,817,9,new,3,4,no,Yes,no,No,2,3,Yes,Yes,No,Yes,No,Yes,10000000,House
Ferozpur,953,11,new,2,4,no,Yes,no,No,2,4,Yes,Yes,No,Yes,No,Yes,11500000,House
Ferozpur,1361,12,new,2,4,no,Yes,no,No,2,3,Yes,Yes,No,Yes,No,Yes,16500000,House
Ferozpur,1361,12,new,2,3,no,Yes,no,No,2,3,Yes,Yes,No,Yes,No,Yes,10000000,House
Ferozpur,1225,6,new,2,2,no,Yes,no,No,2,2,Yes,Yes,No,Yes,No,Yes,6500000,House
Ferozpur,545,15,new,2,2,no,Yes,no,No,2,2,Yes,Yes,No,Yes,No,Yes,445000000,House
Ferozpur,490,6,new,2,3,no,Yes,no,No,2,3,Yes,Yes,No,Yes,No,Yes,5000000,House
Ferozpur,1361,12,new,2,4,no,Yes,no,No,2,3,Yes,Yes,No,Yes,No,Yes,16500000,House
Ferozpur,681,11,new,2,4,no,Yes,no,No,2,3,Yes,Yes,No,Yes,No,Yes,6000000,House
Ferozpur,1361,11,new,2,3,no,Yes,no,No,2,4,Yes,Yes,No,Yes,No,Yes,8500000,House
Ferozpur,1225,8,new,2,2,no,Yes,no,No,2,2,Yes,Yes,No,Yes,No,Yes,8500000,House
Ferozpur,1225,9,new,2,2,no,Yes,no,No,2,2,Yes,Yes,No,Yes,No,Yes,6500000,House
Ferozpur,817,13,new,2,4,no,Yes,no,No,2,3,Yes,Yes,No,Yes,No,Yes,6800000,House
Ferozpur,545,17,new,2,3,no,Yes,no,No,2,3,Yes,Yes,No,Yes,No,Yes,5000000,House
Ferozpur,817,6,new,2,2,no,Yes,no,No,2,1,Yes,Yes,No,Yes,No,Yes,4000000,House
Ferozpur,1361,14,new,2,6,no,Yes,no,No,2,5,Yes,Yes,No,Yes,No,Yes,15000000,House
Ferozpur,817,18,new,2,5,no,Yes,no,No,2,5,Yes,Yes,No,Yes,No,Yes,6350000,House
Ferozpur,817,19,new,2,4,no,Yes,no,No,2,4,Yes,Yes,No,Yes,No,Yes,7300000,House
Multan Road,1089,15,new,2,3,no,Yes,no,No,2,3,Yes,Yes,No,Yes,No,Yes,11700000,House
Multan Road,545,14,new,2,3,no,Yes,no,No,1,3,Yes,Yes,No,Yes,No,Yes,7500000,House
Multan Road,817,7,new,2,3,no,Yes,no,No,2,3,Yes,Yes,No,Yes,No,Yes,4000000,House
Multan Road,681,8,new,2,3,no,Yes,no,No,2,3,Yes,Yes,No,Yes,No,Yes,6000000,House
Multan Road,1361,21,new,2,5,no,Yes,no,No,2,5,Yes,Yes,No,Yes,No,Yes,13500000,House
Multan Road,1633,22,new,2,5,no,Yes,no,No,2,5,Yes,Yes,No,Yes,No,Yes,17000000,House
Multan Road,2994,21,new,2,5,no,Yes,no,No,2,5,Yes,Yes,No,Yes,No,Yes,18500000,House
Multan Road,681,17,new,2,3,no,Yes,no,No,2,3,Yes,Yes,No,Yes,No,Yes,8000000,House
Multan Road,681,17,new,2,3,no,Yes,no,No,2,3,Yes,Yes,No,Yes,No,Yes,8000000,House
Multan Road,1361,20,new,2,5,no,Yes,no,No,2,5,Yes,Yes,No,Yes,No,Yes,12500000,House
Multan Road,681,19,new,2,4,no,Yes,no,No,2,4,Yes,Yes,No,Yes,No,Yes,9000000,House
Multan Road,844,12,new,2,5,no,Yes,no,No,2,4,Yes,Yes,No,Yes,No,Yes,10000000,House
Multan Road,1361,8,new,2,3,no,Yes,no,No,2,2,Yes,Yes,Yes,Yes,No,Yes,22500000,House
Multan Road,1361,9,new,2,2,no,Yes,no,No,2,3,Yes,Yes,No,Yes,No,Yes,22500000,House
Multan Road,1361,13,old,2,3,no,Yes,no,No,2,3,Yes,Yes,No,Yes,No,Yes,19500000,House
Multan Road,817,9,new,2,1,no,Yes,no,No,1,1,Yes,Yes,No,Yes,No,Yes,3500000,House
Multan Road,817,18,new,2,4,no,Yes,no,No,2,3,Yes,Yes,No,Yes,No,Yes,9000000,House
Multan Road,953,8,new,2,2,no,Yes,no,No,1,2,Yes,Yes,No,Yes,No,Yes,4000000,House
Multan Road,817,4,new,2,1,no,Yes,no,No,1,1,Yes,Yes,No,Yes,No,Yes,3700000,House
Multan Road,409,3,new,2,1,no,Yes,no,No,1,1,Yes,Yes,No,Yes,No,Yes,2600000,House
Multan Road,681,9,new,2,4,no,Yes,no,No,2,3,Yes,Yes,No,Yes,No,Yes,7800000,House
Multan Road,817,9,new,2,3,no,Yes,no,No,2,3,Yes,Yes,No,Yes,No,Yes,5500000,House
Formanites,2723,19,new,2,6,no,Yes,no,Yes,2,5,Yes,Yes,Yes,Yes,No,Yes,37000000,House
Formanites,1362,13,new,2,4,no,Yes,no,Yes,2,3,Yes,Yes,Yes,Yes,No,Yes,17500000,House
Formanites,2723,24,new,2,6,no,Yes,no,Yes,2,7,Yes,Yes,Yes,Yes,No,Yes,26500000,House
